Specimen properties : Length,"100.00000",mm
Specimen properties : Thickness,"1.00000",mm
Specimen properties : Width,"10.00000",mm
Test : Rate 1,"5.00000",mm/min

Time,Extension,Load
(s),(mm),(N)
"0.00000","0.00000","-0.15364"
"0.05000","0.00131","0.54808"
"0.10000","0.00497","2.33737"
"0.15000","0.00956","3.59880"
"0.20000","0.01424","7.86475"
"0.25000","0.01902","14.28361"
"0.30000","0.02352","22.63836"
"0.35000","0.02802","27.77491"
"0.40000","0.03242","30.46108"
"0.45000","0.03683","32.17198"
"0.50000","0.04123","36.53596"
"0.55000","0.04545","38.90959"
"0.60000","0.04976","42.27325"
"0.65000","0.05407","47.39017"
"0.70000","0.05829","52.54973"
"0.75000","0.06241","57.44522"
"0.80000","0.06672","61.35607"
"0.85000","0.07094","65.09122"
"0.90000","0.07506","69.22196"
"0.95000","0.07928","75.85706"
"1.00000","0.08349","87.89869"
"1.05000","0.08762","104.45528"
"1.10000","0.09174","129.78023"
"1.15000","0.09596","159.11235"
"1.20000","0.10008","189.44955"
"1.25000","0.10430","222.22775"
"1.30000","0.10842","256.62231"
"1.35000","0.11264","295.08398"
"1.40000","0.11676","336.00323"
"1.45000","0.12088","378.62173"
"1.50000","0.12510","424.20184"
"1.55000","0.12922","473.25989"
"1.60000","0.13334","526.44653"
"1.65000","0.13756","583.06757"
"1.70000","0.14178","640.52747"
"1.75000","0.14581","699.28558"
"1.80000","0.15002","760.07227"
"1.85000","0.15424","820.09424"
"1.90000","0.15836","881.51123"
"1.95000","0.16249","941.82092"
"2.00000","0.16670","1001.06226"
"2.05000","0.17083","1060.44482"
"2.10000","0.17495","1120.26050"
"2.15000","0.17926","1181.37231"
"2.20000","0.18348","1241.59033"
"2.25000","0.18760","1300.22498"
"2.30000","0.19182","1358.16699"
"2.35000","0.19594","1413.25989"
"2.40000","0.20016","1469.10217"
"2.45000","0.20428","1524.59155"
"2.50000","0.20850","1579.14111"
"2.55000","0.21262","1633.30750"
"2.60000","0.21674","1685.09387"
"2.65000","0.22096","1734.48975"
"2.70000","0.22518","1782.02466"
"2.75000","0.22930","1827.83289"
"2.80000","0.23342","1870.84521"
"2.85000","0.23764","1911.54651"
"2.90000","0.24176","1951.72107"
"2.95000","0.24589","1992.03845"
"3.00000","0.25010","2031.78259"
"3.05000","0.25423","2070.34497"
"3.10000","0.25835","2109.18091"
"3.15000","0.26257","2147.11157"
"3.20000","0.26669","2184.05273"
"3.25000","0.27081","2222.57764"
"3.30000","0.27503","2259.27856"
"3.35000","0.27915","2296.86646"
"3.40000","0.28337","2334.29272"
"3.45000","0.28749","2372.37573"
"3.50000","0.29171","2409.46753"
"3.55000","0.29593","2446.45654"
"3.60000","0.30005","2484.10083"
"3.65000","0.30417","2520.78540"
"3.70000","0.30839","2557.45972"
"3.75000","0.31261","2593.57861"
"3.80000","0.31673","2630.33691"
"3.85000","0.32095","2666.72632"
"3.90000","0.32507","2703.16016"
"3.95000","0.32919","2739.88013"
"4.00000","0.33341","2776.31665"
"4.05000","0.33762","2812.29639"
"4.10000","0.34175","2848.19019"
"4.15000","0.34596","2883.92114"
"4.20000","0.35009","2919.24951"
"4.25000","0.35430","2953.54175"
"4.30000","0.35833","2988.52026"
"4.35000","0.36255","3023.41162"
"4.40000","0.36677","3058.55664"
"4.45000","0.37080","3093.82202"
"4.50000","0.37501","3128.14526"
"4.55000","0.37914","3162.76367"
"4.60000","0.38335","3198.11206"
"4.65000","0.38757","3234.35449"
"4.70000","0.39179","3269.46704"
"4.75000","0.39591","3303.91797"
"4.80000","0.40003","3339.26270"
"4.85000","0.40425","3374.54761"
"4.90000","0.40847","3409.50562"
"4.95000","0.41259","3445.11865"
"5.00000","0.41671","3480.43896"
"5.05000","0.42093","3514.77490"
"5.10000","0.42505","3549.67407"
"5.15000","0.42927","3584.92065"
"5.20000","0.43349","3618.67578"
"5.25000","0.43761","3652.26709"
"5.30000","0.44173","3686.38379"
"5.35000","0.44595","3721.18872"
"5.40000","0.45007","3755.36279"
"5.45000","0.45429","3788.81982"
"5.50000","0.45841","3822.58154"
"5.55000","0.46263","3856.43359"
"5.60000","0.46675","3889.77271"
"5.65000","0.47088","3922.14062"
"5.70000","0.47509","3951.87036"
"5.75000","0.47922","3981.48779"
"5.80000","0.48334","4012.16187"
"5.85000","0.48765","4043.37231"
"5.90000","0.49177","4075.21997"
"5.95000","0.49590","4107.27490"
"6.00000","0.50011","4140.40088"
"6.05000","0.50424","4171.53027"
"6.10000","0.50836","4203.16699"
"6.15000","0.51257","4235.31348"
"6.20000","0.51679","4267.53467"
"6.25000","0.52091","4298.92725"
"6.30000","0.52504","4330.69141"
"6.35000","0.52925","4362.45410"
"6.40000","0.53338","4394.22998"
"6.45000","0.53750","4426.70947"
"6.50000","0.54172","4458.67334"
"6.55000","0.54584","4490.81104"
"6.60000","0.55006","4522.53516"
"6.65000","0.55418","4555.02490"
"6.70000","0.55840","4587.10107"
"6.75000","0.56252","4619.12109"
"6.80000","0.56674","4650.65381"
"6.85000","0.57095","4681.97803"
"6.90000","0.57517","4714.01123"
"6.95000","0.57929","4746.64697"
"7.00000","0.58342","4779.81885"
"7.05000","0.58763","4812.10498"
"7.10000","0.59176","4844.70068"
"7.15000","0.59597","4878.01660"
"7.20000","0.60019","4910.16943"
"7.25000","0.60431","4942.68848"
"7.30000","0.60844","4974.88770"
"7.35000","0.61265","5006.63428"
"7.40000","0.61678","5039.40918"
"7.45000","0.62090","5072.79541"
"7.50000","0.62502","5105.93750"
"7.55000","0.62924","5138.66602"
"7.60000","0.63346","5171.23926"
"7.65000","0.63758","5204.85449"
"7.70000","0.64170","5237.37842"
"7.75000","0.64592","5270.03125"
"7.80000","0.65004","5302.66211"
"7.85000","0.65417","5335.85303"
"7.90000","0.65838","5368.97949"
"7.95000","0.66260","5404.50586"
"8.00000","0.66672","5439.06543"
"8.05000","0.67094","5472.25977"
"8.10000","0.67506","5506.25342"
"8.15000","0.67928","5540.71631"
"8.20000","0.68350","5573.92334"
"8.25000","0.68762","5608.32227"
"8.30000","0.69174","5642.28418"
"8.35000","0.69587","5676.06592"
"8.40000","0.70008","5708.57959"
"8.45000","0.70420","5742.06836"
"8.50000","0.70833","5776.64990"
"8.55000","0.71254","5809.88818"
"8.60000","0.71667","5844.20508"
"8.65000","0.72088","5879.07080"
"8.70000","0.72501","5914.38086"
"8.75000","0.72922","5948.37939"
"8.80000","0.73344","5983.20215"
"8.85000","0.73756","6018.11719"
"8.90000","0.74178","6051.76270"
"8.95000","0.74590","6085.57471"
"9.00000","0.75003","6120.18652"
"9.05000","0.75434","6155.83203"
"9.10000","0.75846","6190.42285"
"9.15000","0.76258","6226.13379"
"9.20000","0.76680","6261.21387"
"9.25000","0.77092","6295.20654"
"9.30000","0.77505","6330.77197"
"9.35000","0.77926","6366.16064"
"9.40000","0.78339","6400.11279"
"9.45000","0.78760","6435.32861"
"9.50000","0.79173","6468.64404"
"9.55000","0.79594","6502.88770"
"9.60000","0.80007","6539.03564"
"9.65000","0.80419","6576.09619"
"9.70000","0.80841","6610.74170"
"9.75000","0.81253","6644.52979"
"9.80000","0.81665","6681.14502"
"9.85000","0.82087","6717.15527"
"9.90000","0.82509","6750.57373"
"9.95000","0.82921","6779.24072"
"10.00000","0.83333","6805.94092"
"10.05000","0.83755","6845.81250"
"10.10000","0.84177","6885.27881"
"10.15000","0.84598","6924.22412"
"10.20000","0.85011","6959.10303"
"10.25000","0.85432","6994.25732"
"10.30000","0.85845","7030.45557"
"10.35000","0.86257","7068.54297"
"10.40000","0.86669","7104.70898"
"10.45000","0.87091","7141.27588"
"10.50000","0.87503","7177.85205"
"10.55000","0.87925","7213.13525"
"10.60000","0.88337","7248.83838"
"10.65000","0.88749","7287.14551"
"10.70000","0.89171","7324.63086"
"10.75000","0.89593","7361.00586"
"10.80000","0.90005","7397.92139"
"10.85000","0.90417","7435.93213"
"10.90000","0.90839","7472.63232"
"10.95000","0.91261","7509.73584"
"11.00000","0.91673","7546.12402"
"11.05000","0.92085","7583.25732"
"11.10000","0.92507","7619.14404"
"11.15000","0.92929","7656.62646"
"11.20000","0.93341","7695.38281"
"11.25000","0.93763","7731.97852"
"11.30000","0.94175","7769.58105"
"11.35000","0.94587","7806.94482"
"11.40000","0.95009","7844.78613"
"11.45000","0.95421","7881.59277"
"11.50000","0.95834","7919.44482"
"11.55000","0.96255","7956.48779"
"11.60000","0.96677","7992.68262"
"11.65000","0.97089","8028.17578"
"11.70000","0.97502","8066.80029"
"11.75000","0.97923","8103.83398"
"11.80000","0.98336","8141.37012"
"11.85000","0.98748","8179.13037"
"11.90000","0.99170","8215.65039"
"11.95000","0.99582","8254.06348"
"12.00000","0.99994","8293.34668"
"12.05000","1.00416","8330.93262"
"12.10000","1.00838","8368.84473"
"12.15000","1.01259","8406.10547"
"12.20000","1.01672","8443.12305"
"12.25000","1.02093","8481.64844"
"12.30000","1.02506","8520.48438"
"12.35000","1.02918","8558.89062"
"12.40000","1.03340","8597.40234"
"12.45000","1.03752","8635.39844"
"12.50000","1.04164","8674.08691"
"12.55000","1.04586","8712.59473"
"12.60000","1.05008","8750.76660"
"12.65000","1.05420","8788.65723"
"12.70000","1.05832","8825.13379"
"12.75000","1.06254","8864.77930"
"12.80000","1.06676","8903.99902"
"12.85000","1.07088","8942.88281"
"12.90000","1.07510","8981.65723"
"12.95000","1.07931","9019.39844"
"13.00000","1.08344","9058.50195"
"13.05000","1.08756","9097.80371"
"13.10000","1.09178","9136.36914"
"13.15000","1.09590","9175.30176"
"13.20000","1.10002","9213.35254"
"13.25000","1.10424","9250.57617"
"13.30000","1.10836","9289.54590"
"13.35000","1.11258","9329.54883"
"13.40000","1.11670","9368.85840"
"13.45000","1.12092","9406.83789"
"13.50000","1.12504","9445.83496"
"13.55000","1.12916","9484.81152"
"13.60000","1.13338","9523.14551"
"13.65000","1.13750","9562.18848"
"13.70000","1.14163","9601.84766"
"13.75000","1.14584","9638.88965"
"13.80000","1.15006","9677.21289"
"13.85000","1.15418","9716.36133"
"13.90000","1.15831","9755.63867"
"13.95000","1.16252","9795.79883"
"14.00000","1.16674","9835.42090"
"14.05000","1.17086","9875.99316"
"14.10000","1.17517","9915.68848"
"14.15000","1.17930","9954.87109"
"14.20000","1.18342","9993.98242"
"14.25000","1.18764","10032.37402"
"14.30000","1.19185","10070.28516"
"14.35000","1.19598","10110.17383"
"14.40000","1.20010","10151.24902"
"14.45000","1.20432","10190.60645"
"14.50000","1.20853","10230.37402"
"14.55000","1.21256","10270.63965"
"14.60000","1.21687","10310.01172"
"14.65000","1.22100","10350.53320"
"14.70000","1.22512","10389.03320"
"14.75000","1.22924","10427.72070"
"14.80000","1.23346","10465.52148"
"14.85000","1.23758","10505.15430"
"14.90000","1.24171","10545.60840"
"14.95000","1.24592","10585.14648"
"15.00000","1.25005","10623.96289"
"15.05000","1.25417","10663.51172"
"15.10000","1.25839","10703.37988"
"15.15000","1.26260","10743.15918"
"15.20000","1.26673","10782.80664"
"15.25000","1.27085","10821.49707"
"15.30000","1.27507","10857.93457"
"15.35000","1.27919","10896.77441"
"15.40000","1.28331","10937.04980"
"15.45000","1.28753","10977.24414"
"15.50000","1.29175","11017.00488"
"15.55000","1.29587","11056.98242"
"15.60000","1.29999","11096.38477"
"15.65000","1.30421","11135.83105"
"15.70000","1.30833","11175.35059"
"15.75000","1.31255","11214.44043"
"15.80000","1.31676","11252.76074"
"15.85000","1.32089","11291.31348"
"15.90000","1.32501","11331.18848"
"15.95000","1.32923","11370.06543"
"16.00000","1.33344","11409.84570"
"16.05000","1.33757","11449.68555"
"16.10000","1.34178","11490.44824"
"16.15000","1.34591","11530.60840"
"16.20000","1.35003","11570.39355"
"16.25000","1.35415","11610.04980"
"16.30000","1.35837","11648.60156"
"16.35000","1.36259","11686.95020"
"16.40000","1.36671","11726.62793"
"16.45000","1.37083","11766.61523"
"16.50000","1.37505","11806.29004"
"16.55000","1.37917","11845.93848"
"16.60000","1.38339","11886.28809"
"16.65000","1.38761","11925.81934"
"16.70000","1.39173","11965.61816"
"16.75000","1.39585","12005.86523"
"16.80000","1.40007","12045.20020"
"16.85000","1.40419","12083.96973"
"16.90000","1.40841","12122.98633"
"16.95000","1.41263","12162.56738"
"17.00000","1.41675","12201.38477"
"17.05000","1.42087","12241.18164"
"17.10000","1.42509","12281.51270"
"17.15000","1.42931","12320.98730"
"17.20000","1.43334","12359.91406"
"17.25000","1.43755","12399.78809"
"17.30000","1.44177","12439.86914"
"17.35000","1.44589","12479.01465"
"17.40000","1.45002","12518.71777"
"17.45000","1.45423","12557.39160"
"17.50000","1.45836","12596.40430"
"17.55000","1.46248","12636.65430"
"17.60000","1.46670","12676.40723"
"17.65000","1.47091","12716.98340"
"17.70000","1.47504","12756.78418"
"17.75000","1.47916","12797.34570"
"17.80000","1.48338","12837.84375"
"17.85000","1.48750","12876.59277"
"17.90000","1.49171","12917.13965"
"17.95000","1.49593","12956.42871"
"18.00000","1.50005","12996.01758"
"18.05000","1.50418","13035.45117"
"18.10000","1.50839","13076.25781"
"18.15000","1.51261","13116.25195"
"18.20000","1.51673","13156.14160"
"18.25000","1.52086","13197.49512"
"18.30000","1.52507","13236.56250"
"18.35000","1.52920","13276.54883"
"18.40000","1.53332","13316.57910"
"18.45000","1.53754","13356.29785"
"18.50000","1.54175","13395.01758"
"18.55000","1.54588","13435.65332"
"18.60000","1.55000","13477.71582"
"18.65000","1.55422","13516.83887"
"18.70000","1.55843","13557.28613"
"18.75000","1.56256","13598.66309"
"18.80000","1.56677","13638.10938"
"18.85000","1.57090","13678.46875"
"18.90000","1.57511","13718.03906"
"18.95000","1.57924","13758.59961"
"19.00000","1.58345","13797.22852"
"19.05000","1.58758","13837.27637"
"19.10000","1.59179","13877.56934"
"19.15000","1.59592","13918.00684"
"19.20000","1.60013","13957.82520"
"19.25000","1.60416","13997.39941"
"19.30000","1.60838","14037.64648"
"19.35000","1.61260","14077.04785"
"19.40000","1.61672","14116.72266"
"19.45000","1.62084","14155.87695"
"19.50000","1.62506","14195.31738"
"19.55000","1.62918","14234.31445"
"19.60000","1.63331","14274.60645"
"19.65000","1.63752","14315.12402"
"19.70000","1.64174","14354.41113"
"19.75000","1.64586","14395.15527"
"19.80000","1.65008","14434.02637"
"19.85000","1.65420","14473.55273"
"19.90000","1.65833","14514.55469"
"19.95000","1.66254","14554.61133"
"20.00000","1.66676","14593.05762"
"20.05000","1.67088","14631.60645"
"20.10000","1.67510","14672.54297"
"20.15000","1.67932","14712.21582"
"20.20000","1.68334","14753.01270"
"20.25000","1.68747","14793.36426"
"20.30000","1.69168","14832.87695"
"20.35000","1.69590","14872.97070"
"20.40000","1.70002","14914.02246"
"20.45000","1.70415","14954.80859"
"20.50000","1.70836","14994.11328"
"20.55000","1.71249","15033.91406"
"20.60000","1.71670","15074.78809"
"20.65000","1.72092","15115.29395"
"20.70000","1.72514","15155.31836"
"20.75000","1.72917","15197.37695"
"20.80000","1.73338","15237.98535"
"20.85000","1.73760","15278.91016"
"20.90000","1.74172","15321.19531"
"20.95000","1.74594","15361.48633"
"21.00000","1.75016","15401.23535"
"21.05000","1.75428","15441.81543"
"21.10000","1.75840","15482.42090"
"21.15000","1.76262","15521.21191"
"21.20000","1.76674","15561.01562"
"21.25000","1.77087","15600.88672"
"21.30000","1.77508","15640.79395"
"21.35000","1.77930","15681.02051"
"21.40000","1.78342","15720.59277"
"21.45000","1.78755","15761.63574"
"21.50000","1.79176","15801.63965"
"21.55000","1.79589","15841.37500"
"21.60000","1.80001","15881.66016"
"21.65000","1.80423","15920.53809"
"21.70000","1.80835","15960.03223"
"21.75000","1.81247","16001.47656"
"21.80000","1.81669","16042.72852"
"21.85000","1.82091","16083.72949"
"21.90000","1.82503","16124.69238"
"21.95000","1.82925","16167.00488"
"22.00000","1.83346","16207.37793"
"22.05000","1.83759","16247.28613"
"22.10000","1.84180","16288.63770"
"22.15000","1.84593","16329.09473"
"22.20000","1.85005","16368.18945"
"22.25000","1.85427","16409.37891"
"22.30000","1.85839","16450.47656"
"22.35000","1.86261","16491.42578"
"22.40000","1.86673","16532.48438"
"22.45000","1.87085","16573.75977"
"22.50000","1.87507","16615.30078"
"22.55000","1.87919","16656.09570"
"22.60000","1.88331","16697.69336"
"22.65000","1.88753","16738.79688"
"22.70000","1.89175","16777.96680"
"22.75000","1.89587","16819.61523"
"22.80000","1.89999","16861.45898"
"22.85000","1.90421","16901.98438"
"22.90000","1.90843","16942.80859"
"22.95000","1.91255","16984.74414"
"23.00000","1.91677","17025.83789"
"23.05000","1.92098","17067.18750"
"23.10000","1.92511","17108.65625"
"23.15000","1.92923","17149.34180"
"23.20000","1.93345","17189.71289"
"23.25000","1.93766","17228.91992"
"23.30000","1.94179","17271.43359"
"23.35000","1.94591","17311.91602"
"23.40000","1.95013","17351.71094"
"23.45000","1.95425","17392.47852"
"23.50000","1.95837","17433.18359"
"23.55000","1.96259","17473.78516"
"23.60000","1.96671","17514.74219"
"23.65000","1.97084","17556.51172"
"23.70000","1.97505","17596.87305"
"23.75000","1.97918","17635.90234"
"23.80000","1.98330","17677.56250"
"23.85000","1.98752","17718.60742"
"23.90000","1.99173","17759.96094"
"23.95000","1.99586","17802.29297"
"24.00000","1.99998","17842.87695"
"24.05000","2.00420","17882.59570"
"24.10000","2.00841","17924.91602"
"24.15000","2.01254","17966.95508"
"24.20000","2.01675","18008.22266"
"24.25000","2.02088","18048.53320"
"24.30000","2.02500","18088.78320"
"24.35000","2.02922","18130.98633"
"24.40000","2.03334","18172.59766"
"24.45000","2.03756","18214.16211"
"24.50000","2.04168","18255.58789"
"24.55000","2.04590","18296.65039"
"24.60000","2.05002","18339.07227"
"24.65000","2.05414","18380.81250"
"24.70000","2.05845","18422.06445"
"24.75000","2.06258","18463.16602"
"24.80000","2.06670","18503.49219"
"24.85000","2.07092","18544.69336"
"24.90000","2.07513","18586.53516"
"24.95000","2.07926","18627.47266"
"25.00000","2.08338","18669.01758"
"25.05000","2.08759","18710.09766"
"25.10000","2.09181","18751.36523"
"25.15000","2.09593","18792.87305"
"25.20000","2.10006","18833.86523"
"25.25000","2.10427","18874.63086"
"25.30000","2.10840","18915.17578"
"25.35000","2.11252","18955.79492"
"25.40000","2.11674","18996.76367"
"25.45000","2.12086","19038.46680"
"25.50000","2.12498","19079.96094"
"25.55000","2.12920","19121.35547"
"25.60000","2.13342","19162.84375"
"25.65000","2.13754","19204.39062"
"25.70000","2.14166","19245.12891"
"25.75000","2.14579","19285.56250"
"25.80000","2.15000","19326.31055"
"25.85000","2.15413","19367.24805"
"25.90000","2.15844","19410.56641"
"25.95000","2.16265","19452.20312"
"26.00000","2.16678","19494.14453"
"26.05000","2.17099","19535.71680"
"26.10000","2.17521","19577.00781"
"26.15000","2.17933","19618.44336"
"26.20000","2.18346","19659.54492"
"26.25000","2.18767","19700.87305"
"26.30000","2.19180","19741.42578"
"26.35000","2.19592","19783.16992"
"26.40000","2.20014","19823.26758"
"26.45000","2.20426","19865.66992"
"26.50000","2.20838","19907.68359"
"26.55000","2.21260","19949.37695"
"26.60000","2.21672","19990.92578"
"26.65000","2.22085","20032.37305"
"26.70000","2.22506","20074.85742"
"26.75000","2.22919","20115.60938"
"26.80000","2.23331","20157.12695"
"26.85000","2.23753","20199.15820"
"26.90000","2.24174","20240.64453"
"26.95000","2.24587","20280.28906"
"27.00000","2.24999","20322.59180"
"27.05000","2.25430","20364.81445"
"27.10000","2.25842","20405.72852"
"27.15000","2.26255","20446.72852"
"27.20000","2.26676","20488.21289"
"27.25000","2.27088","20529.75977"
"27.30000","2.27501","20570.83594"
"27.35000","2.27923","20613.04688"
"27.40000","2.28344","20653.85938"
"27.45000","2.28756","20693.95117"
"27.50000","2.29169","20735.19727"
"27.55000","2.29590","20776.57812"
"27.60000","2.30003","20818.43555"
"27.65000","2.30415","20859.61523"
"27.70000","2.30837","20901.48828"
"27.75000","2.31258","20943.75977"
"27.80000","2.31671","20984.16992"
"27.85000","2.32083","21027.52539"
"27.90000","2.32505","21069.53320"
"27.95000","2.32926","21109.09766"
"28.00000","2.33339","21149.36914"
"28.05000","2.33760","21191.77930"
"28.10000","2.34173","21232.93359"
"28.15000","2.34585","21274.05469"
"28.20000","2.35007","21316.62891"
"28.25000","2.35419","21358.54688"
"28.30000","2.35841","21399.35938"
"28.35000","2.36253","21441.92578"
"28.40000","2.36675","21484.00391"
"28.45000","2.37087","21525.06250"
"28.50000","2.37499","21566.56055"
"28.55000","2.37921","21608.58594"
"28.60000","2.38333","21650.62305"
"28.65000","2.38755","21691.93359"
"28.70000","2.39167","21733.91992"
"28.75000","2.39589","21775.43750"
"28.80000","2.40011","21817.37305"
"28.85000","2.40423","21860.49805"
"28.90000","2.40845","21904.22656"
"28.95000","2.41257","21944.49805"
"29.00000","2.41669","21986.41992"
"29.05000","2.42091","22027.69531"
"29.10000","2.42513","22069.27930"
"29.15000","2.42925","22110.66406"
"29.20000","2.43337","22151.62109"
"29.25000","2.43759","22193.34180"
"29.30000","2.44171","22235.19141"
"29.35000","2.44593","22277.08008"
"29.40000","2.45005","22319.54102"
"29.45000","2.45418","22360.96094"
"29.50000","2.45839","22402.48828"
"29.55000","2.46252","22444.58594"
"29.60000","2.46673","22485.50781"
"29.65000","2.47085","22525.89844"
"29.70000","2.47498","22567.20703"
"29.75000","2.47929","22608.75977"
"29.80000","2.48341","22649.21484"
"29.85000","2.48753","22692.52148"
"29.90000","2.49175","22737.17578"
"29.95000","2.49587","22778.12500"
"30.00000","2.50009","22817.51758"
"30.05000","2.50421","22859.77344"
"30.10000","2.50843","22901.25195"
"30.15000","2.51255","22943.40039"
"30.20000","2.51668","22986.09766"
"30.25000","2.52089","23027.93359"
"30.30000","2.52502","23068.82812"
"30.35000","2.52914","23110.89648"
"30.40000","2.53336","23153.48047"
"30.45000","2.53757","23194.49414"
"30.50000","2.54170","23236.42188"
"30.55000","2.54582","23278.98047"
"30.60000","2.55013","23321.32617"
"30.65000","2.55425","23362.27148"
"30.70000","2.55838","23404.50000"
"30.75000","2.56259","23445.69922"
"30.80000","2.56672","23487.26172"
"30.85000","2.57093","23529.49023"
"30.90000","2.57506","23572.32227"
"30.95000","2.57927","23613.61328"
"31.00000","2.58340","23655.28320"
"31.05000","2.58761","23697.96484"
"31.10000","2.59174","23738.88867"
"31.15000","2.59595","23779.56250"
"31.20000","2.59998","23820.03125"
"31.25000","2.60420","23860.85547"
"31.30000","2.60842","23902.69531"
"31.35000","2.61254","23944.21484"
"31.40000","2.61666","23986.71094"
"31.45000","2.62088","24028.32617"
"31.50000","2.62500","24068.97461"
"31.55000","2.62922","24110.65039"
"31.60000","2.63344","24151.73438"
"31.65000","2.63756","24192.46875"
"31.70000","2.64168","24233.01562"
"31.75000","2.64590","24274.65430"
"31.80000","2.65002","24315.50195"
"31.85000","2.65424","24357.74414"
"31.90000","2.65836","24399.51562"
"31.95000","2.66258","24440.76562"
"32.00000","2.66670","24480.56836"
"32.05000","2.67092","24522.48242"
"32.10000","2.67514","24563.83594"
"32.15000","2.67926","24602.25391"
"32.20000","2.68338","24643.38477"
"32.25000","2.68750","24684.51562"
"32.30000","2.69172","24725.74414"
"32.35000","2.69584","24766.79297"
"32.40000","2.69997","24808.09766"
"32.45000","2.70418","24848.67773"
"32.50000","2.70840","24890.52930"
"32.55000","2.71252","24933.20703"
"32.60000","2.71674","24973.95898"
"32.65000","2.72096","25014.08398"
"32.70000","2.72508","25055.54883"
"32.75000","2.72920","25095.88086"
"32.80000","2.73342","25137.18945"
"32.85000","2.73754","25178.03906"
"32.90000","2.74167","25218.58789"
"32.95000","2.74588","25260.15039"
"33.00000","2.75010","25301.49219"
"33.05000","2.75422","25343.02539"
"33.10000","2.75844","25384.13477"
"33.15000","2.76256","25424.49219"
"33.20000","2.76669","25464.44922"
"33.25000","2.77090","25504.95508"
"33.30000","2.77512","25544.80664"
"33.35000","2.77924","25584.40039"
"33.40000","2.78337","25624.89453"
"33.45000","2.78758","25665.69531"
"33.50000","2.79171","25705.86133"
"33.55000","2.79583","25747.00977"
"33.60000","2.80005","25787.13867"
"33.65000","2.80426","25826.72461"
"33.70000","2.80839","25866.76562"
"33.75000","2.81251","25906.33594"
"33.80000","2.81673","25946.11328"
"33.85000","2.82094","25986.56445"
"33.90000","2.82507","26027.78711"
"33.95000","2.82919","26067.24219"
"34.00000","2.83341","26106.76562"
"34.05000","2.83762","26146.63281"
"34.10000","2.84175","26187.16602"
"34.15000","2.84596","26226.85742"
"34.20000","2.85009","26266.97461"
"34.25000","2.85421","26307.81445"
"34.30000","2.85843","26346.60547"
"34.35000","2.86255","26385.45898"
"34.40000","2.86667","26425.71094"
"34.45000","2.87079","26464.82812"
"34.50000","2.87501","26503.69141"
"34.55000","2.87913","26545.24414"
"34.60000","2.88335","26585.86523"
"34.65000","2.88757","26625.58789"
"34.70000","2.89169","26665.47852"
"34.75000","2.89591","26706.24609"
"34.80000","2.90003","26746.29102"
"34.85000","2.90425","26784.71875"
"34.90000","2.90837","26823.85156"
"34.95000","2.91259","26864.76172"
"35.00000","2.91680","26903.39453"
"35.05000","2.92093","26942.98633"
"35.10000","2.92505","26983.13086"
"35.15000","2.92927","27022.75000"
"35.20000","2.93339","27061.37305"
"35.25000","2.93761","27100.97461"
"35.30000","2.94173","27140.87891"
"35.35000","2.94595","27178.63672"
"35.40000","2.95007","27217.20312"
"35.45000","2.95419","27257.22852"
"35.50000","2.95841","27295.39844"
"35.55000","2.96253","27333.46875"
"35.60000","2.96666","27371.71289"
"35.65000","2.97087","27410.11328"
"35.70000","2.97500","27448.38086"
"35.75000","2.97921","27488.05664"
"35.80000","2.98334","27528.68555"
"35.85000","2.98755","27567.86133"
"35.90000","2.99177","27605.18750"
"35.95000","2.99589","27643.25977"
"36.00000","3.00011","27681.21094"
"36.05000","3.00423","27717.37500"
"36.10000","3.00836","27755.83789"
"36.15000","3.01257","27793.79688"
"36.20000","3.01670","27831.23633"
"36.25000","3.02091","27869.07617"
"36.30000","3.02504","27907.46094"
"36.35000","3.02925","27945.19727"
"36.40000","3.03338","27983.00977"
"36.45000","3.03750","28020.17969"
"36.50000","3.04172","28057.29297"
"36.55000","3.04584","28096.35156"
"36.60000","3.04996","28133.93750"
"36.65000","3.05418","28171.34766"
"36.70000","3.05840","28208.70898"
"36.75000","3.06252","28246.07227"
"36.80000","3.06674","28284.20117"
"36.85000","3.07095","28322.44922"
"36.90000","3.07508","28358.65625"
"36.95000","3.07920","28395.69727"
"37.00000","3.08341","28433.39062"
"37.05000","3.08763","28471.41992"
"37.10000","3.09175","28508.18359"
"37.15000","3.09588","28544.25000"
"37.20000","3.10009","28580.00977"
"37.25000","3.10422","28616.61328"
"37.30000","3.10834","28654.48047"
"37.35000","3.11256","28690.50195"
"37.40000","3.11668","28727.44141"
"37.45000","3.12090","28764.61523"
"37.50000","3.12502","28800.62695"
"37.55000","3.12924","28836.47461"
"37.60000","3.13327","28872.30273"
"37.65000","3.13748","28908.56641"
"37.70000","3.14170","28944.23828"
"37.75000","3.14582","28980.50781"
"37.80000","3.15004","29019.64258"
"37.85000","3.15435","29057.42773"
"37.90000","3.15847","29093.28125"
"37.95000","3.16260","29128.14648"
"38.00000","3.16681","29165.72070"
"38.05000","3.17103","29202.40820"
"38.10000","3.17515","29238.46289"
"38.15000","3.17928","29274.24219"
"38.20000","3.18349","29309.26758"
"38.25000","3.18762","29344.46289"
"38.30000","3.19174","29379.56250"
"38.35000","3.19596","29415.53516"
"38.40000","3.20017","29450.78516"
"38.45000","3.20430","29485.53320"
"38.50000","3.20842","29520.47266"
"38.55000","3.21264","29556.14062"
"38.60000","3.21676","29590.88672"
"38.65000","3.22088","29626.02930"
"38.70000","3.22510","29660.76758"
"38.75000","3.22922","29694.70312"
"38.80000","3.23335","29731.39648"
"38.85000","3.23756","29766.82812"
"38.90000","3.24169","29800.88281"
"38.95000","3.24590","29836.85938"
"39.00000","3.25003","29871.91016"
"39.05000","3.25424","29905.94727"
"39.10000","3.25836","29940.48828"
"39.15000","3.26249","29975.31250"
"39.20000","3.26671","30008.67969"
"39.25000","3.27092","30044.00195"
"39.30000","3.27504","30079.10938"
"39.35000","3.27917","30113.15234"
"39.40000","3.28338","30147.44531"
"39.45000","3.28751","30183.12500"
"39.50000","3.29172","30216.94141"
"39.55000","3.29594","30249.42969"
"39.60000","3.30006","30281.70508"
"39.65000","3.30419","30315.10352"
"39.70000","3.30840","30348.53906"
"39.75000","3.31253","30381.64648"
"39.80000","3.31665","30415.66406"
"39.85000","3.32087","30449.69141"
"39.90000","3.32508","30482.75195"
"39.95000","3.32930","30515.55469"
"40.00000","3.33342","30549.55859"
"40.05000","3.33764","30581.91016"
"40.10000","3.34176","30613.03125"
"40.15000","3.34589","30646.20703"
"40.20000","3.35001","30677.14648"
"40.25000","3.35423","30708.36133"
"40.30000","3.35835","30741.26758"
"40.35000","3.36247","30773.50195"
"40.40000","3.36669","30806.15430"
"40.45000","3.37091","30838.70508"
"40.50000","3.37503","30872.49609"
"40.55000","3.37925","30904.33789"
"40.60000","3.38337","30935.86914"
"40.65000","3.38759","30967.85938"
"40.70000","3.39171","30999.96484"
"40.75000","3.39593","31031.20898"
"40.80000","3.40005","31063.28516"
"40.85000","3.40417","31095.91992"
"40.90000","3.40839","31126.30469"
"40.95000","3.41261","31158.28320"
"41.00000","3.41673","31190.93555"
"41.05000","3.42095","31222.97461"
"41.10000","3.42507","31254.64258"
"41.15000","3.42919","31285.71875"
"41.20000","3.43341","31316.68945"
"41.25000","3.43753","31347.89453"
"41.30000","3.44175","31378.63281"
"41.35000","3.44587","31410.11914"
"41.40000","3.45009","31440.79102"
"41.45000","3.45421","31471.89844"
"41.50000","3.45833","31502.88672"
"41.55000","3.46255","31533.56250"
"41.60000","3.46677","31564.18750"
"41.65000","3.47089","31594.86133"
"41.70000","3.47501","31625.00781"
"41.75000","3.47923","31654.76562"
"41.80000","3.48335","31685.83008"
"41.85000","3.48748","31716.81445"
"41.90000","3.49169","31745.84766"
"41.95000","3.49591","31775.70312"
"42.00000","3.50003","31806.71875"
"42.05000","3.50425","31838.38086"
"42.10000","3.50847","31867.81055"
"42.15000","3.51259","31898.32617"
"42.20000","3.51671","31927.71289"
"42.25000","3.52093","31956.37109"
"42.30000","3.52505","31986.14062"
"42.35000","3.52918","32015.85352"
"42.40000","3.53339","32044.37500"
"42.45000","3.53761","32073.21680"
"42.50000","3.54173","32104.44531"
"42.55000","3.54586","32133.86523"
"42.60000","3.55007","32162.10547"
"42.65000","3.55420","32192.42188"
"42.70000","3.55841","32222.03516"
"42.75000","3.56263","32252.00391"
"42.80000","3.56675","32281.23828"
"42.85000","3.57088","32310.58789"
"42.90000","3.57509","32339.53125"
"42.95000","3.57931","32368.00781"
"43.00000","3.58343","32397.18750"
"43.05000","3.58756","32425.85938"
"43.10000","3.59177","32454.30859"
"43.15000","3.59590","32481.95117"
"43.20000","3.60002","32509.95898"
"43.25000","3.60424","32538.26172"
"43.30000","3.60845","32565.59766"
"43.35000","3.61248","32594.06445"
"43.40000","3.61670","32622.27148"
"43.45000","3.62092","32650.78125"
"43.50000","3.62504","32679.16992"
"43.55000","3.62916","32707.34180"
"43.60000","3.63338","32733.89648"
"43.65000","3.63760","32761.29883"
"43.70000","3.64172","32788.25781"
"43.75000","3.64584","32816.98047"
"43.80000","3.65006","32844.58984"
"43.85000","3.65418","32872.62500"
"43.90000","3.65840","32898.78516"
"43.95000","3.66262","32926.16797"
"44.00000","3.66674","32952.64062"
"44.05000","3.67086","32980.75000"
"44.10000","3.67508","33007.18359"
"44.15000","3.67920","33034.62500"
"44.20000","3.68332","33062.33203"
"44.25000","3.68754","33089.30859"
"44.30000","3.69176","33114.86719"
"44.35000","3.69588","33141.85547"
"44.40000","3.70000","33169.08594"
"44.45000","3.70422","33195.95312"
"44.50000","3.70844","33223.59766"
"44.55000","3.71247","33249.75781"
"44.60000","3.71678","33276.69531"
"44.65000","3.72090","33303.09375"
"44.70000","3.72512","33329.77734"
"44.75000","3.72924","33356.29297"
"44.80000","3.73346","33382.43750"
"44.85000","3.73767","33407.80859"
"44.90000","3.74180","33433.80859"
"44.95000","3.74601","33459.37500"
"45.00000","3.75014","33485.01562"
"45.05000","3.75426","33511.47656"
"45.10000","3.75838","33536.44141"
"45.15000","3.76260","33561.96484"
"45.20000","3.76672","33587.67188"
"45.25000","3.77085","33614.07031"
"45.30000","3.77506","33638.66406"
"45.35000","3.77928","33664.32031"
"45.40000","3.78340","33688.79688"
"45.45000","3.78753","33714.18359"
"45.50000","3.79174","33739.30469"
"45.55000","3.79587","33764.44141"
"45.60000","3.80008","33789.08203"
"45.65000","3.80421","33814.90234"
"45.70000","3.80842","33839.62109"
"45.75000","3.81255","33867.10547"
"45.80000","3.81676","33892.19531"
"45.85000","3.82098","33916.67969"
"45.90000","3.82510","33939.67578"
"45.95000","3.82932","33964.53125"
"46.00000","3.83344","33988.83984"
"46.05000","3.83757","34013.21875"
"46.10000","3.84178","34038.20312"
"46.15000","3.84591","34062.34375"
"46.20000","3.85003","34086.38672"
"46.25000","3.85425","34111.19922"
"46.30000","3.85837","34134.37500"
"46.35000","3.86249","34157.32422"
"46.40000","3.86671","34181.09766"
"46.45000","3.87092","34204.77344"
"46.50000","3.87505","34229.25781"
"46.55000","3.87917","34252.33203"
"46.60000","3.88339","34277.70703"
"46.65000","3.88760","34300.27734"
"46.70000","3.89173","34323.78906"
"46.75000","3.89585","34348.42969"
"46.80000","3.90007","34373.10938"
"46.85000","3.90428","34395.93359"
"46.90000","3.90850","34419.30078"
"46.95000","3.91262","34443.26953"
"47.00000","3.91684","34465.69141"
"47.05000","3.92096","34489.31641"
"47.10000","3.92509","34512.25000"
"47.15000","3.92930","34535.22266"
"47.20000","3.93343","34557.51953"
"47.25000","3.93755","34579.82812"
"47.30000","3.94177","34603.58203"
"47.35000","3.94589","34625.07422"
"47.40000","3.95001","34647.67578"
"47.45000","3.95414","34669.94141"
"47.50000","3.95835","34691.57031"
"47.55000","3.96257","34713.60156"
"47.60000","3.96669","34735.81641"
"47.65000","3.97091","34757.88672"
"47.70000","3.97503","34778.85156"
"47.75000","3.97916","34802.30078"
"47.80000","3.98337","34824.79297"
"47.85000","3.98759","34846.83594"
"47.90000","3.99171","34867.60156"
"47.95000","3.99593","34890.43359"
"48.00000","4.00015","34912.47656"
"48.05000","4.00427","34933.12891"
"48.10000","4.00839","34955.46875"
"48.15000","4.01261","34976.57031"
"48.20000","4.01673","34996.74609"
"48.25000","4.02086","35018.93750"
"48.30000","4.02498","35039.75000"
"48.35000","4.02920","35059.55469"
"48.40000","4.03341","35080.78125"
"48.45000","4.03754","35102.78906"
"48.50000","4.04175","35123.46875"
"48.55000","4.04597","35143.51172"
"48.60000","4.05009","35164.78125"
"48.65000","4.05431","35185.69531"
"48.70000","4.05843","35205.94531"
"48.75000","4.06255","35226.51953"
"48.80000","4.06677","35247.94141"
"48.85000","4.07099","35267.82422"
"48.90000","4.07511","35288.20312"
"48.95000","4.07933","35309.91797"
"49.00000","4.08345","35330.04688"
"49.05000","4.08767","35348.85938"
"49.10000","4.09179","35368.57422"
"49.15000","4.09591","35389.45312"
"49.20000","4.10013","35409.43359"
"49.25000","4.10425","35428.73828"
"49.30000","4.10828","35448.90234"
"49.35000","4.11250","35468.39844"
"49.40000","4.11672","35487.87500"
"49.45000","4.12075","35508.01562"
"49.50000","4.12506","35527.53125"
"49.55000","4.12918","35545.75391"
"49.60000","4.13340","35564.87109"
"49.65000","4.13761","35585.00391"
"49.70000","4.14183","35606.01953"
"49.75000","4.14595","35625.42969"
"49.80000","4.15008","35646.29688"
"49.85000","4.15429","35664.67578"
"49.90000","4.15851","35681.64844"
"49.95000","4.16263","35701.69922"
"50.00000","4.16685","35721.59766"
"50.05000","4.17107","35739.95703"
"50.10000","4.17519","35758.59375"
"50.15000","4.17931","35778.24219"
"50.20000","4.18353","35796.65234"
"50.25000","4.18765","35814.61719"
"50.30000","4.19178","35833.19531"
"50.35000","4.19590","35851.53516"
"50.40000","4.20012","35869.48828"
"50.45000","4.20424","35889.24609"
"50.50000","4.20836","35907.17578"
"50.55000","4.21258","35924.92969"
"50.60000","4.21670","35942.88672"
"50.65000","4.22083","35961.23828"
"50.70000","4.22514","35979.14062"
"50.75000","4.22926","35996.78906"
"50.80000","4.23338","36016.04297"
"50.85000","4.23760","36034.85547"
"50.90000","4.24182","36052.68750"
"50.95000","4.24594","36070.82812"
"51.00000","4.25006","36088.94141"
"51.05000","4.25428","36105.83984"
"51.10000","4.25840","36122.81250"
"51.15000","4.26262","36141.11719"
"51.20000","4.26674","36158.63281"
"51.25000","4.27096","36175.25781"
"51.30000","4.27508","36193.22656"
"51.35000","4.27920","36211.06641"
"51.40000","4.28342","36227.62891"
"51.45000","4.28754","36244.85547"
"51.50000","4.29167","36261.38672"
"51.55000","4.29588","36277.85938"
"51.60000","4.30010","36293.82422"
"51.65000","4.30422","36310.20703"
"51.70000","4.30844","36327.28906"
"51.75000","4.31256","36344.11719"
"51.80000","4.31669","36360.69922"
"51.85000","4.32090","36376.94531"
"51.90000","4.32512","36393.72266"
"51.95000","4.32924","36409.23438"
"52.00000","4.33337","36427.10938"
"52.05000","4.33758","36444.38281"
"52.10000","4.34171","36460.24609"
"52.15000","4.34583","36476.29297"
"52.20000","4.35005","36492.11719"
"52.25000","4.35426","36507.21484"
"52.30000","4.35839","36523.75781"
"52.35000","4.36251","36539.32031"
"52.40000","4.36673","36554.37109"
"52.45000","4.37085","36571.47656"
"52.50000","4.37497","36587.79688"
"52.55000","4.37928","36603.28906"
"52.60000","4.38341","36619.17578"
"52.65000","4.38753","36634.66797"
"52.70000","4.39175","36650.58203"
"52.75000","4.39596","36665.83984"
"52.80000","4.40009","36679.54297"
"52.85000","4.40430","36695.73438"
"52.90000","4.40852","36710.94531"
"52.95000","4.41264","36726.31250"
"53.00000","4.41677","36742.32031"
"53.05000","4.42098","36757.25000"
"53.10000","4.42511","36771.29297"
"53.15000","4.42932","36785.66406"
"53.20000","4.43345","36802.08203"
"53.25000","4.43766","36817.16797"
"53.30000","4.44179","36830.94531"
"53.35000","4.44591","36845.59375"
"53.40000","4.45013","36860.04688"
"53.45000","4.45425","36873.91406"
"53.50000","4.45837","36888.26953"
"53.55000","4.46259","36902.29297"
"53.60000","4.46680","36915.87891"
"53.65000","4.47093","36928.74609"
"53.70000","4.47505","36944.56641"
"53.75000","4.47927","36959.32812"
"53.80000","4.48339","36972.48438"
"53.85000","4.48751","36985.39453"
"53.90000","4.49173","37000.22656"
"53.95000","4.49595","37013.15234"
"54.00000","4.50007","37027.51562"
"54.05000","4.50419","37042.12500"
"54.10000","4.50841","37055.92578"
"54.15000","4.51253","37069.98047"
"54.20000","4.51666","37085.64062"
"54.25000","4.52087","37098.95703"
"54.30000","4.52509","37112.51562"
"54.35000","4.52921","37126.56641"
"54.40000","4.53343","37140.45703"
"54.45000","4.53765","37153.49609"
"54.50000","4.54168","37166.77734"
"54.55000","4.54589","37180.51953"
"54.60000","4.55011","37193.00781"
"54.65000","4.55423","37205.50000"
"54.70000","4.55836","37219.59766"
"54.75000","4.56267","37232.71484"
"54.80000","4.56679","37245.82812"
"54.85000","4.57091","37259.88672"
"54.90000","4.57513","37273.91406"
"54.95000","4.57935","37286.26953"
"55.00000","4.58347","37299.55859"
"55.05000","4.58759","37311.85156"
"55.10000","4.59181","37323.81641"
"55.15000","4.59593","37336.28516"
"55.20000","4.60006","37349.21094"
"55.25000","4.60427","37362.30859"
"55.30000","4.60840","37375.01172"
"55.35000","4.61261","37386.52344"
"55.40000","4.61674","37399.98047"
"55.45000","4.62095","37412.25391"
"55.50000","4.62508","37422.92969"
"55.55000","4.62920","37434.96094"
"55.60000","4.63342","37447.78516"
"55.65000","4.63754","37458.25781"
"55.70000","4.64166","37472.09766"
"55.75000","4.64588","37485.59766"
"55.80000","4.65009","37495.94922"
"55.85000","4.65422","37505.67969"
"55.90000","4.65843","37518.37500"
"55.95000","4.66265","37531.21094"
"56.00000","4.66678","37542.21094"
"56.05000","4.67090","37554.25391"
"56.10000","4.67502","37567.16016"
"56.15000","4.67924","37577.96094"
"56.20000","4.68336","37590.15234"
"56.25000","4.68748","37602.37500"
"56.30000","4.69170","37613.14844"
"56.35000","4.69592","37625.04297"
"56.40000","4.70004","37636.39844"
"56.45000","4.70426","37646.78125"
"56.50000","4.70847","37657.65625"
"56.55000","4.71260","37670.16406"
"56.60000","4.71681","37681.18750"
"56.65000","4.72094","37692.45703"
"56.70000","4.72515","37702.90234"
"56.75000","4.72928","37715.63281"
"56.80000","4.73349","37726.67969"
"56.85000","4.73762","37737.68359"
"56.90000","4.74183","37749.16016"
"56.95000","4.74605","37759.73828"
"57.00000","4.75017","37769.43750"
"57.05000","4.75430","37779.37891"
"57.10000","4.75842","37790.95312"
"57.15000","4.76264","37800.99609"
"57.20000","4.76676","37810.99219"
"57.25000","4.77088","37823.41016"
"57.30000","4.77510","37833.96094"
"57.35000","4.77922","37844.12500"
"57.40000","4.78335","37856.28125"
"57.45000","4.78756","37866.83984"
"57.50000","4.79178","37875.54688"
"57.55000","4.79590","37885.51562"
"57.60000","4.80012","37896.30469"
"57.65000","4.80434","37907.34375"
"57.70000","4.80846","37917.39453"
"57.75000","4.81258","37928.84766"
"57.80000","4.81680","37938.51953"
"57.85000","4.82092","37947.23438"
"57.90000","4.82514","37956.76562"
"57.95000","4.82926","37968.18359"
"58.00000","4.83348","37977.26953"
"58.05000","4.83770","37986.26172"
"58.10000","4.84172","37996.62891"
"58.15000","4.84594","38006.73047"
"58.20000","4.85006","38016.25781"
"58.25000","4.85419","38025.43359"
"58.30000","4.85840","38036.11328"
"58.35000","4.86253","38045.08203"
"58.40000","4.86674","38055.76172"
"58.45000","4.87087","38065.39062"
"58.50000","4.87508","38074.02734"
"58.55000","4.87930","38083.48438"
"58.60000","4.88342","38092.67188"
"58.65000","4.88764","38102.27344"
"58.70000","4.89176","38110.81250"
"58.75000","4.89598","38120.88672"
"58.80000","4.90010","38130.96094"
"58.85000","4.90442","38140.22656"
"58.90000","4.90854","38149.52734"
"58.95000","4.91266","38159.61328"
"59.00000","4.91688","38167.72266"
"59.05000","4.92100","38175.92969"
"59.10000","4.92512","38184.71094"
"59.15000","4.92934","38193.75000"
"59.20000","4.93346","38202.97266"
"59.25000","4.93759","38212.23828"
"59.30000","4.94171","38221.84766"
"59.35000","4.94593","38230.60547"
"59.40000","4.95005","38239.08984"
"59.45000","4.95417","38249.09766"
"59.50000","4.95839","38257.57422"
"59.55000","4.96261","38265.33594"
"59.60000","4.96673","38272.68750"
"59.65000","4.97095","38283.27734"
"59.70000","4.97507","38293.03516"
"59.75000","4.97929","38300.64844"
"59.80000","4.98341","38309.00781"
"59.85000","4.98763","38317.15234"
"59.90000","4.99175","38324.67188"
"59.95000","4.99587","38333.60547"
"60.00000","5.00009","38343.01172"
"60.05000","5.00431","38350.85156"
"60.10000","5.00843","38358.44531"
"60.15000","5.01255","38367.02344"
"60.20000","5.01677","38374.81250"
"60.25000","5.02089","38382.16406"
"60.30000","5.02502","38390.79297"
"60.35000","5.02923","38398.87500"
"60.40000","5.03345","38407.28516"
"60.45000","5.03748","38413.76953"
"60.50000","5.04179","38422.15625"
"60.55000","5.04591","38429.01562"
"60.60000","5.05013","38437.07031"
"60.65000","5.05425","38446.09375"
"60.70000","5.05847","38454.08203"
"60.75000","5.06269","38460.99609"
"60.80000","5.06681","38470.17969"
"60.85000","5.07093","38478.64062"
"60.90000","5.07515","38486.09375"
"60.95000","5.07927","38493.59375"
"61.00000","5.08349","38500.84375"
"61.05000","5.08761","38508.37500"
"61.10000","5.09183","38515.08203"
"61.15000","5.09595","38522.90234"
"61.20000","5.10017","38529.94922"
"61.25000","5.10429","38537.76562"
"61.30000","5.10841","38545.84375"
"61.35000","5.11254","38554.35938"
"61.40000","5.11675","38561.13672"
"61.45000","5.12088","38568.14062"
"61.50000","5.12509","38575.92578"
"61.55000","5.12931","38583.16406"
"61.60000","5.13343","38589.28906"
"61.65000","5.13765","38597.91016"
"61.70000","5.14187","38605.94141"
"61.75000","5.14608","38611.25781"
"61.80000","5.15021","38616.93359"
"61.85000","5.15442","38625.27734"
"61.90000","5.15864","38631.48438"
"61.95000","5.16267","38637.33594"
"62.00000","5.16679","38645.37500"
"62.05000","5.17101","38651.91797"
"62.10000","5.17513","38658.25781"
"62.15000","5.17926","38665.35938"
"62.20000","5.18347","38672.34375"
"62.25000","5.18760","38678.58203"
"62.30000","5.19172","38685.78906"
"62.35000","5.19594","38692.64453"
"62.40000","5.20006","38699.29297"
"62.45000","5.20418","38705.58594"
"62.50000","5.20840","38712.95703"
"62.55000","5.21262","38718.96484"
"62.60000","5.21674","38724.97656"
"62.65000","5.22086","38731.97266"
"62.70000","5.22508","38740.04297"
"62.75000","5.22930","38745.03125"
"62.80000","5.23342","38752.29688"
"62.85000","5.23764","38759.77344"
"62.90000","5.24185","38765.63672"
"62.95000","5.24598","38772.03125"
"63.00000","5.25010","38778.75000"
"63.05000","5.25432","38785.39062"
"63.10000","5.25844","38790.61719"
"63.15000","5.26256","38796.98047"
"63.20000","5.26678","38803.84375"
"63.25000","5.27099","38810.45703"
"63.30000","5.27512","38816.31641"
"63.35000","5.27924","38822.89844"
"63.40000","5.28346","38828.28906"
"63.45000","5.28758","38833.01172"
"63.50000","5.29170","38839.22656"
"63.55000","5.29592","38845.04688"
"63.60000","5.30004","38849.53125"
"63.65000","5.30426","38856.96094"
"63.70000","5.30838","38865.00781"
"63.75000","5.31260","38870.59375"
"63.80000","5.31682","38874.35938"
"63.85000","5.32094","38880.87109"
"63.90000","5.32516","38887.23438"
"63.95000","5.32928","38891.30469"
"64.00000","5.33340","38897.50391"
"64.05000","5.33753","38904.14453"
"64.10000","5.34174","38909.85938"
"64.15000","5.34587","38915.27734"
"64.20000","5.34999","38922.20703"
"64.25000","5.35421","38927.26562"
"64.30000","5.35842","38932.48828"
"64.35000","5.36255","38938.50391"
"64.40000","5.36676","38943.86719"
"64.45000","5.37098","38948.21875"
"64.50000","5.37510","38953.96484"
"64.55000","5.37923","38958.51172"
"64.60000","5.38344","38963.72656"
"64.65000","5.38757","38968.96094"
"64.70000","5.39169","38975.61719"
"64.75000","5.39591","38981.41016"
"64.80000","5.40012","38986.95703"
"64.85000","5.40425","38993.41406"
"64.90000","5.40846","38998.92188"
"64.95000","5.41277","39003.16797"
"65.00000","5.41680","39007.58594"
"65.05000","5.42102","39013.62109"
"65.10000","5.42514","39019.21875"
"65.15000","5.42927","39023.98047"
"65.20000","5.43339","39030.04688"
"65.25000","5.43760","39034.55859"
"65.30000","5.44182","39040.05469"
"65.35000","5.44595","39045.55078"
"65.40000","5.45016","39050.86328"
"65.45000","5.45438","39054.68750"
"65.50000","5.45850","39058.35156"
"65.55000","5.46263","39063.39844"
"65.60000","5.46684","39068.23828"
"65.65000","5.47096","39073.47656"
"65.70000","5.47509","39079.15625"
"65.75000","5.47930","39083.73828"
"65.80000","5.48343","39086.15625"
"65.85000","5.48764","39091.62500"
"65.90000","5.49177","39098.53125"
"65.95000","5.49598","39103.00000"
"66.00000","5.50011","39107.30859"
"66.05000","5.50423","39112.29688"
"66.10000","5.50845","39117.51562"
"66.15000","5.51257","39121.72656"
"66.20000","5.51669","39127.62109"
"66.25000","5.52091","39132.80859"
"66.30000","5.52513","39136.29688"
"66.35000","5.52925","39142.71875"
"66.40000","5.53337","39147.00391"
"66.45000","5.53768","39151.14062"
"66.50000","5.54181","39154.35938"
"66.55000","5.54593","39159.39453"
"66.60000","5.55015","39163.94141"
"66.65000","5.55436","39167.87500"
"66.70000","5.55839","39172.03516"
"66.75000","5.56261","39177.32422"
"66.80000","5.56683","39180.98047"
"66.85000","5.57095","39185.37891"
"66.90000","5.57507","39190.73828"
"66.95000","5.57929","39195.39844"
"67.00000","5.58341","39199.10156"
"67.05000","5.58763","39204.13672"
"67.10000","5.59185","39209.17969"
"67.15000","5.59597","39213.26953"
"67.20000","5.60009","39217.54688"
"67.25000","5.60422","39223.28516"
"67.30000","5.60843","39227.88281"
"67.35000","5.61256","39231.57031"
"67.40000","5.61677","39235.81641"
"67.45000","5.62090","39240.05469"
"67.50000","5.62511","39242.84766"
"67.55000","5.62924","39245.51172"
"67.60000","5.63345","39250.51953"
"67.65000","5.63767","39255.24609"
"67.70000","5.64179","39258.45312"
"67.75000","5.64592","39261.14844"
"67.80000","5.65013","39265.77734"
"67.85000","5.65435","39269.09375"
"67.90000","5.65847","39272.60938"
"67.95000","5.66259","39276.87109"
"68.00000","5.66681","39280.76172"
"68.05000","5.67093","39283.67969"
"68.10000","5.67515","39288.88672"
"68.15000","5.67927","39291.96484"
"68.20000","5.68340","39295.69922"
"68.25000","5.68752","39300.76172"
"68.30000","5.69174","39304.21875"
"68.35000","5.69595","39308.05469"
"68.40000","5.70008","39311.35156"
"68.45000","5.70429","39314.71875"
"68.50000","5.70851","39318.49219"
"68.55000","5.71263","39321.21875"
"68.60000","5.71676","39324.53516"
"68.65000","5.72107","39328.16797"
"68.70000","5.72519","39330.99219"
"68.75000","5.72931","39335.96484"
"68.80000","5.73353","39339.91016"
"68.85000","5.73765","39343.58984"
"68.90000","5.74178","39346.66406"
"68.95000","5.74599","39350.69531"
"69.00000","5.75012","39353.04688"
"69.05000","5.75424","39355.81641"
"69.10000","5.75836","39359.90625"
"69.15000","5.76267","39363.30859"
"69.20000","5.76680","39366.42969"
"69.25000","5.77083","39370.31641"
"69.30000","5.77504","39374.78125"
"69.35000","5.77926","39378.64453"
"69.40000","5.78338","39382.69141"
"69.45000","5.78760","39386.53516"
"69.50000","5.79182","39389.60547"
"69.55000","5.79594","39391.70703"
"69.60000","5.80006","39396.58203"
"69.65000","5.80428","39401.19531"
"69.70000","5.80850","39403.22266"
"69.75000","5.81262","39404.48047"
"69.80000","5.81684","39409.01172"
"69.85000","5.82105","39411.66406"
"69.90000","5.82518","39414.49609"
"69.95000","5.82930","39418.31641"
"70.00000","5.83352","39421.71094"
"70.05000","5.83764","39423.97656"
"70.10000","5.84176","39426.56250"
"70.15000","5.84588","39430.16406"
"70.20000","5.85010","39432.74219"
"70.25000","5.85422","39435.33984"
"70.30000","5.85844","39439.26953"
"70.35000","5.86266","39441.50781"
"70.40000","5.86669","39444.84375"
"70.45000","5.87090","39448.47656"
"70.50000","5.87512","39450.98828"
"70.55000","5.87924","39453.11719"
"70.60000","5.88346","39456.89844"
"70.65000","5.88758","39461.01562"
"70.70000","5.89189","39463.97656"
"70.75000","5.89602","39466.21875"
"70.80000","5.90014","39469.96484"
"70.85000","5.90436","39472.49219"
"70.90000","5.90848","39473.87500"
"70.95000","5.91260","39477.06641"
"71.00000","5.91682","39479.92188"
"71.05000","5.92094","39482.02734"
"71.10000","5.92507","39486.35938"
"71.15000","5.92919","39490.20312"
"71.20000","5.93341","39492.90234"
"71.25000","5.93753","39495.33984"
"71.30000","5.94165","39498.99609"
"71.35000","5.94587","39502.11719"
"71.40000","5.95009","39503.71484"
"71.45000","5.95421","39505.92188"
"71.50000","5.95833","39508.38281"
"71.55000","5.96255","39511.04688"
"71.60000","5.96677","39514.28906"
"71.65000","5.97089","39517.67578"
"71.70000","5.97511","39520.09766"
"71.75000","5.97932","39521.19922"
"71.80000","5.98345","39523.98438"
"71.85000","5.98766","39527.79297"
"71.90000","5.99179","39529.07422"
"71.95000","5.99600","39530.98438"
"72.00000","6.00003","39533.96484"
"72.05000","6.00425","39536.08594"
"72.10000","6.00837","39537.66406"
"72.15000","6.01249","39540.83984"
"72.20000","6.01671","39543.57031"
"72.25000","6.02093","39546.24609"
"72.30000","6.02505","39549.53516"
"72.35000","6.02927","39551.42969"
"72.40000","6.03349","39553.26562"
"72.45000","6.03761","39554.64062"
"72.50000","6.04173","39557.46875"
"72.55000","6.04595","39559.85547"
"72.60000","6.05017","39560.31250"
"72.65000","6.05429","39562.59375"
"72.70000","6.05851","39565.54688"
"72.75000","6.06263","39568.37891"
"72.80000","6.06684","39571.42578"
"72.85000","6.07097","39574.08203"
"72.90000","6.07518","39575.53125"
"72.95000","6.07931","39576.71094"
"73.00000","6.08343","39579.24219"
"73.05000","6.08765","39581.76172"
"73.10000","6.09177","39583.01562"
"73.15000","6.09589","39585.43750"
"73.20000","6.10002","39587.79688"
"73.25000","6.10423","39589.96484"
"73.30000","6.10836","39592.33984"
"73.35000","6.11257","39595.14844"
"73.40000","6.11679","39598.05859"
"73.45000","6.12101","39599.41406"
"73.50000","6.12513","39600.92188"
"73.55000","6.12935","39603.05859"
"73.60000","6.13347","39606.35547"
"73.65000","6.13769","39608.21484"
"73.70000","6.14181","39609.63672"
"73.75000","6.14612","39610.75781"
"73.80000","6.15024","39611.71484"
"73.85000","6.15437","39614.78906"
"73.90000","6.15858","39616.00391"
"73.95000","6.16271","39617.14844"
"74.00000","6.16683","39618.70312"
"74.05000","6.17095","39621.18750"
"74.10000","6.17508","39622.26172"
"74.15000","6.17920","39623.99219"
"74.20000","6.18342","39626.21094"
"74.25000","6.18754","39626.90625"
"74.30000","6.19166","39629.17969"
"74.35000","6.19579","39631.54297"
"74.40000","6.20010","39632.92969"
"74.45000","6.20422","39634.57031"
"74.50000","6.20834","39636.33203"
"74.55000","6.21256","39638.89062"
"74.60000","6.21677","39639.63281"
"74.65000","6.22090","39641.69531"
"74.70000","6.22502","39644.48438"
"74.75000","6.22933","39646.44922"
"74.80000","6.23346","39648.00000"
"74.85000","6.23758","39650.98438"
"74.90000","6.24180","39651.62500"
"74.95000","6.24592","39652.14062"
"75.00000","6.25013","39653.33984"
"75.05000","6.25435","39655.66016"
"75.10000","6.25848","39656.65234"
"75.15000","6.26260","39658.98828"
"75.20000","6.26672","39661.02734"
"75.25000","6.27094","39662.60156"
"75.30000","6.27506","39663.63281"
"75.35000","6.27918","39665.22656"
"75.40000","6.28340","39666.44531"
"75.45000","6.28762","39667.10938"
"75.50000","6.29174","39667.39062"
"75.55000","6.29596","39669.62891"
"75.60000","6.30017","39672.37891"
"75.65000","6.30430","39672.90234"
"75.70000","6.30842","39673.16016"
"75.75000","6.31264","39675.16406"
"75.80000","6.31676","39674.80078"
"75.85000","6.32088","39677.82031"
"75.90000","6.32510","39680.19531"
"75.95000","6.32932","39681.08594"
"76.00000","6.33344","39681.62500"
"76.05000","6.33756","39682.83984"
"76.10000","6.34178","39683.37109"
"76.15000","6.34590","39684.02734"
"76.20000","6.35003","39686.05469"
"76.25000","6.35424","39687.21094"
"76.30000","6.35846","39688.79297"
"76.35000","6.36258","39689.50391"
"76.40000","6.36671","39690.50000"
"76.45000","6.37092","39692.26562"
"76.50000","6.37514","39691.78516"
"76.55000","6.37926","39693.70312"
"76.60000","6.38348","39695.00000"
"76.65000","6.38770","39694.92578"
"76.70000","6.39173","39695.75391"
"76.75000","6.39604","39698.10156"
"76.80000","6.40016","39698.93359"
"76.85000","6.40428","39699.71875"
"76.90000","6.40850","39700.68359"
"76.95000","6.41272","39700.65234"
"77.00000","6.41684","39701.05469"
"77.05000","6.42096","39701.93359"
"77.10000","6.42518","39702.70312"
"77.15000","6.42930","39702.73828"
"77.20000","6.43342","39703.53906"
"77.25000","6.43764","39705.03125"
"77.30000","6.44176","39704.70312"
"77.35000","6.44589","39706.02344"
"77.40000","6.45011","39707.03125"
"77.45000","6.45432","39707.55469"
"77.50000","6.45845","39707.53125"
"77.55000","6.46257","39710.05078"
"77.60000","6.46678","39711.32812"
"77.65000","6.47100","39710.67969"
"77.70000","6.47512","39709.29297"
"77.75000","6.47925","39711.23828"
"77.80000","6.48346","39712.12109"
"77.85000","6.48759","39712.14844"
"77.90000","6.49171","39713.35547"
"77.95000","6.49593","39713.75391"
"78.00000","6.50014","39714.33203"
"78.05000","6.50427","39715.55859"
"78.10000","6.50848","39716.29297"
"78.15000","6.51261","39716.16016"
"78.20000","6.51673","39715.78125"
"78.25000","6.52095","39716.35547"
"78.30000","6.52516","39716.69531"
"78.35000","6.52929","39715.95312"
"78.40000","6.53341","39717.07031"
"78.45000","6.53763","39716.85547"
"78.50000","6.54184","39716.88281"
"78.55000","6.54597","39716.73047"
"78.60000","6.55018","39718.23438"
"78.65000","6.55440","39717.19922"
"78.70000","6.55852","39716.50391"
"78.75000","6.56265","39717.17188"
"78.80000","6.56686","39716.75000"
"78.85000","6.57099","39715.11328"
"78.90000","6.57511","39715.13672"
"78.95000","6.57923","39715.19922"
"79.00000","6.58345","39714.14062"
"79.05000","6.58757","39714.26562"
"79.10000","6.59179","39715.48047"
"79.15000","6.59591","39715.65234"
"79.20000","6.60013","39715.30078"
"79.25000","6.60425","39715.77734"
"79.30000","6.60847","39715.46484"
"79.35000","6.61259","39714.14062"
"79.40000","6.61671","39713.40625"
"79.45000","6.62093","39713.61719"
"79.50000","6.62505","39712.21484"
"79.55000","6.62927","39712.28125"
"79.60000","6.63339","39712.78906"
"79.65000","6.63761","39712.14453"
"79.70000","6.64183","39709.08203"
"79.75000","6.64595","39708.61328"
"79.80000","6.65017","39708.50781"
"79.85000","6.65429","39706.53906"
"79.90000","6.65841","39705.69922"
"79.95000","6.66254","39705.26562"
"80.00000","6.66675","39703.91016"
"80.05000","6.67097","39701.98438"
"80.10000","6.67509","39701.47266"
"80.15000","6.67922","39700.32031"
"80.20000","6.68343","39698.30859"
"80.25000","6.68756","39698.41797"
"80.30000","6.69177","39696.98438"
"80.35000","6.69599","39694.81250"
"80.40000","6.70011","39693.38281"
"80.45000","6.70433","39691.62500"
"80.50000","6.70855","39689.40234"
"80.55000","6.71267","39686.62109"
"80.60000","6.71679","39684.61328"
"80.65000","6.72101","39684.23438"
"80.70000","6.72523","39681.21094"
"80.75000","6.72935","39677.93750"
"80.80000","6.73347","39676.94531"
"80.85000","6.73769","39675.14453"
"80.90000","6.74181","39671.37500"
"80.95000","6.74594","39670.21875"
"81.00000","6.75015","39668.48828"
"81.05000","6.75428","39666.40625"
"81.10000","6.75840","39664.58594"
"81.15000","6.76262","39663.04297"
"81.20000","6.76683","39661.00781"
"81.25000","6.77096","39658.83594"
"81.30000","6.77517","39657.12500"
"81.35000","6.77930","39653.80469"
"81.40000","6.78351","39649.75391"
"81.45000","6.78764","39646.07812"
"81.50000","6.79176","39644.98047"
"81.55000","6.79598","39643.94141"
"81.60000","6.80010","39640.37109"
"81.65000","6.80432","39636.61328"
"81.70000","6.80853","39632.61328"
"81.75000","6.81266","39628.38672"
"81.80000","6.81678","39626.76953"
"81.85000","6.82100","39622.78516"
"81.90000","6.82512","39618.05469"
"81.95000","6.82924","39613.95703"
"82.00000","6.83346","39610.26953"
"82.05000","6.83758","39606.35156"
"82.10000","6.84170","39602.61719"
"82.15000","6.84583","39599.87891"
"82.20000","6.85004","39596.35156"
"82.25000","6.85426","39592.24609"
"82.30000","6.85838","39587.69531"
"82.35000","6.86260","39582.33984"
"82.40000","6.86682","39577.31250"
"82.45000","6.87094","39572.31641"
"82.50000","6.87516","39568.76172"
"82.55000","6.87937","39564.06641"
"82.60000","6.88350","39558.08984"
"82.65000","6.88762","39553.50781"
"82.70000","6.89193","39548.43750"
"82.75000","6.89605","39542.81641"
"82.80000","6.90018","39537.64453"
"82.85000","6.90439","39531.90234"
"82.90000","6.90852","39524.19141"
"82.95000","6.91264","39517.58594"
"83.00000","6.91676","39512.04297"
"83.05000","6.92098","39505.75781"
"83.10000","6.92510","39500.55078"
"83.15000","6.92923","39495.60547"
"83.20000","6.93344","39489.62109"
"83.25000","6.93757","39484.20703"
"83.30000","6.94169","39477.78906"
"83.35000","6.94591","39471.40234"
"83.40000","6.95012","39463.82812"
"83.45000","6.95425","39455.93750"
"83.50000","6.95837","39451.07031"
"83.55000","6.96259","39445.67578"
"83.60000","6.96680","39437.48828"
"83.65000","6.97093","39429.21875"
"83.70000","6.97514","39422.78516"
"83.75000","6.97936","39415.91797"
"83.80000","6.98348","39408.30078"
"83.85000","6.98761","39401.63281"
"83.90000","6.99182","39393.69922"
"83.95000","6.99595","39385.44531"
"84.00000","7.00007","39378.63281"
"84.05000","7.00429","39370.76953"
"84.10000","7.00841","39362.21094"
"84.15000","7.01253","39354.32031"
"84.20000","7.01675","39347.03125"
"84.25000","7.02097","39339.00781"
"84.30000","7.02509","39330.25000"
"84.35000","7.02921","39322.79688"
"84.40000","7.03352","39313.56250"
"84.45000","7.03765","39304.58594"
"84.50000","7.04177","39294.98828"
"84.55000","7.04608","39287.60547"
"84.60000","7.05020","39276.74609"
"84.65000","7.05433","39267.62500"
"84.70000","7.05845","39259.89453"
"84.75000","7.06266","39249.64062"
"84.80000","7.06679","39238.57812"
"84.85000","7.07091","39230.33984"
"84.90000","7.07513","39221.99219"
"84.95000","7.07934","39211.36328"
"85.00000","7.08347","39203.18750"
"85.05000","7.08759","39194.59766"
"85.10000","7.09181","39184.58594"
"85.15000","7.09584","39175.37500"
"85.20000","7.10005","39166.87500"
"85.25000","7.10427","39158.44922"
"85.30000","7.10849","39147.84375"
"85.35000","7.11261","39137.71094"
"85.40000","7.11683","39127.37891"
"85.45000","7.12104","39114.82812"
"85.50000","7.12517","39106.46875"
"85.55000","7.12938","39097.03906"
"85.60000","7.13360","39085.10938"
"85.65000","7.13772","39071.57812"
"85.70000","7.14185","39062.29297"
"85.75000","7.14606","39051.16406"
"85.80000","7.15019","39038.80078"
"85.85000","7.15431","39027.78125"
"85.90000","7.15843","39016.14062"
"85.95000","7.16265","39004.37891"
"86.00000","7.16677","38993.44922"
"86.05000","7.17090","38982.46094"
"86.10000","7.17511","38970.33203"
"86.15000","7.17924","38958.02734"
"86.20000","7.18336","38947.56250"
"86.25000","7.18758","38935.94531"
"86.30000","7.19170","38923.42188"
"86.35000","7.19582","38911.67188"
"86.40000","7.20013","38899.62891"
"86.45000","7.20426","38887.08594"
"86.50000","7.20847","38875.29297"
"86.55000","7.21260","38864.69922"
"86.60000","7.21681","38851.72656"
"86.65000","7.22103","38839.46875"
"86.70000","7.22515","38828.17188"
"86.75000","7.22937","38815.02344"
"86.80000","7.23349","38801.00391"
"86.85000","7.23762","38787.23828"
"86.90000","7.24183","38774.28516"
"86.95000","7.24595","38760.01953"
"87.00000","7.25017","38746.63672"
"87.05000","7.25429","38735.03906"
"87.10000","7.25851","38721.49219"
"87.15000","7.26273","38707.16797"
"87.20000","7.26676","38694.51562"
"87.25000","7.27097","38681.10938"
"87.30000","7.27519","38667.65625"
"87.35000","7.27931","38652.99219"
"87.40000","7.28344","38639.21875"
"87.45000","7.28765","38624.76562"
"87.50000","7.29178","38611.96875"
"87.55000","7.29590","38599.59766"
"87.60000","7.30012","38585.78125"
"87.65000","7.30433","38569.57422"
"87.70000","7.30846","38554.71484"
"87.75000","7.31267","38541.84375"
"87.80000","7.31680","38527.26562"
"87.85000","7.32092","38512.04688"
"87.90000","7.32504","38497.50781"
"87.95000","7.32926","38482.42578"
"88.00000","7.33348","38466.81250"
"88.05000","7.33760","38452.29297"
"88.10000","7.34182","38436.67969"
"88.15000","7.34594","38420.31250"
"88.20000","7.35006","38405.44922"
"88.25000","7.35428","38389.55078"
"88.30000","7.35850","38373.32812"
"88.35000","7.36262","38358.01953"
"88.40000","7.36674","38342.99219"
"88.45000","7.37096","38327.57031"
"88.50000","7.37518","38311.21484"
"88.55000","7.37930","38296.11719"
"88.60000","7.38352","38281.22656"
"88.65000","7.38773","38264.75000"
"88.70000","7.39186","38248.33203"
"88.75000","7.39598","38232.00000"
"88.80000","7.40020","38214.01953"
"88.85000","7.40432","38195.02344"
"88.90000","7.40844","38179.10156"
"88.95000","7.41266","38163.94531"
"89.00000","7.41678","38147.11719"
"89.05000","7.42100","38131.62109"
"89.10000","7.42512","38115.64453"
"89.15000","7.42934","38097.52344"
"89.20000","7.43346","38081.81250"
"89.25000","7.43768","38064.37109"
"89.30000","7.44190","38046.21875"
"89.35000","7.44602","38027.67969"
"89.40000","7.45014","38009.98047"
"89.45000","7.45427","37993.39062"
"89.50000","7.45848","37976.57812"
"89.55000","7.46260","37959.11328"
"89.60000","7.46682","37940.85547"
"89.65000","7.47104","37923.64844"
"89.70000","7.47516","37905.18359"
"89.75000","7.47928","37887.14453"
"89.80000","7.48350","37868.16797"
"89.85000","7.48762","37849.04297"
"89.90000","7.49175","37830.78906"
"89.95000","7.49596","37812.67969"
"90.00000","7.50009","37794.18750"
"90.05000","7.50430","37773.96484"
"90.10000","7.50843","37756.17188"
"90.15000","7.51264","37737.41016"
"90.20000","7.51677","37719.46875"
"90.25000","7.52089","37700.12109"
"90.30000","7.52520","37680.34375"
"90.35000","7.52942","37659.64844"
"90.40000","7.53354","37640.51562"
"90.45000","7.53766","37621.12891"
"90.50000","7.54188","37601.21875"
"90.55000","7.54600","37580.29297"
"90.60000","7.55013","37562.04688"
"90.65000","7.55434","37542.14844"
"90.70000","7.55856","37521.67969"
"90.75000","7.56268","37500.67969"
"90.80000","7.56681","37480.09766"
"90.85000","7.57102","37458.16797"
"90.90000","7.57515","37436.55078"
"90.95000","7.57936","37417.09766"
"91.00000","7.58349","37395.61328"
"91.05000","7.58770","37374.39453"
"91.10000","7.59173","37354.43359"
"91.15000","7.59595","37333.67188"
"91.20000","7.60017","37311.71094"
"91.25000","7.60429","37290.38672"
"91.30000","7.60851","37269.69531"
"91.35000","7.61272","37247.18359"
"91.40000","7.61685","37223.22656"
"91.45000","7.62097","37203.14844"
"91.50000","7.62519","37182.11328"
"91.55000","7.62931","37158.18750"
"91.60000","7.63343","37134.23438"
"91.65000","7.63765","37112.85156"
"91.70000","7.64186","37088.57031"
"91.75000","7.64599","37065.07812"
"91.80000","7.65011","37042.00000"
"91.85000","7.65433","37018.28906"
"91.90000","7.65855","36993.37109"
"91.95000","7.66257","36970.00000"
"92.00000","7.66679","36946.27344"
"92.05000","7.67091","36922.08984"
"92.10000","7.67513","36898.80078"
"92.15000","7.67925","36874.72266"
"92.20000","7.68347","36848.51172"
"92.25000","7.68769","36822.29688"
"92.30000","7.69181","36796.07031"
"92.35000","7.69603","36769.18750"
"92.40000","7.70024","36740.48047"
"92.45000","7.70437","36712.14453"
"92.50000","7.70858","36683.91016"
"92.55000","7.71271","36649.16406"
"92.60000","7.71683","36612.09375"
"92.65000","7.72105","36568.55469"
"92.70000","7.72751","35823.28906"
"92.71600","7.73004","21851.29883"
