Specimen properties : Length,100,mm
Specimen properties : Thickness,1,mm
Specimen properties : Width,10,mm
Test : Rate 1,5,mm/min
,,
Time,Extension,Load
(s),(mm),(N)
0,0,0.21725
0.05,0.00075,-0.98514
0.1,0.0044,6.44279
0.15,0.00871,8.07113
0.2,0.01349,9.65009
0.25,0.01827,11.85687
0.3,0.02305,13.97355
0.35,0.02764,17.48371
0.4,0.03224,33.49188
0.45,0.03673,50.31142
0.5,0.04104,62.0619
0.55,0.04535,70.23523
0.6,0.04966,77.29037
0.65,0.05397,84.25429
0.7,0.05819,91.24818
0.75,0.06241,97.70553
0.8,0.06663,105.99339
0.85,0.07084,114.437
0.9,0.07497,122.78646
0.95,0.07918,134.81247
1,0.08331,153.0649
1.05,0.08752,178.04723
1.1,0.09174,208.75908
1.15,0.09596,246.96976
1.2,0.10017,292.59116
1.25,0.10439,341.2547
1.3,0.10851,393.34631
1.35,0.11273,447.53671
1.4,0.11685,503.16245
1.45,0.12107,561.67108
1.5,0.12519,621.26105
1.55,0.12932,681.03217
1.6,0.13353,740.44812
1.65,0.13765,801.61487
1.7,0.14178,864.13007
1.75,0.1459,927.0379
1.8,0.15012,989.04523
1.85,0.15424,1050.84436
1.9,0.15827,1110.63672
1.95,0.16249,1170.28564
2,0.16661,1230.24951
2.05,0.17073,1289.70837
2.1,0.17504,1347.96423
2.15,0.17926,1405.08533
2.2,0.18338,1463.61414
2.25,0.1876,1520.97229
2.3,0.19182,1576.97815
2.35,0.19594,1633.98279
2.4,0.20006,1688.66064
2.45,0.20428,1742.53357
2.5,0.2084,1796.4408
2.55,0.21262,1848.89978
2.6,0.21674,1900.7959
2.65,0.22096,1952.26599
2.7,0.22508,2002.85278
2.75,0.2293,2054.12354
2.8,0.23352,2104.39941
2.85,0.23764,2154.90234
2.9,0.24176,2204.02393
2.95,0.24589,2251.7522
3,0.2501,2301.16113
3.05,0.25423,2348.67529
3.1,0.25844,2395.67114
3.15,0.26257,2443.55078
3.2,0.26669,2492.33032
3.25,0.27091,2539.91309
3.3,0.27512,2587.99878
3.35,0.27925,2636.45801
3.4,0.28337,2684.17822
3.45,0.28759,2731.8584
3.5,0.2918,2780.63525
3.55,0.29593,2827.80249
3.6,0.30005,2875.65039
3.65,0.30417,2922.94189
3.7,0.30839,2968.50903
3.75,0.31251,3015.90479
3.8,0.31673,3064.21948
3.85,0.32085,3112.52026
3.9,0.32497,3159.06519
3.95,0.32919,3207.7146
4,0.33341,3255.35278
4.05,0.33753,3302.76562
4.1,0.34175,3351.53442
4.15,0.34587,3398.87769
4.2,0.35009,3446.13647
4.25,0.35421,3492.28687
4.3,0.35843,3538.81909
4.35,0.36264,3586.83398
4.4,0.36677,3634.07739
4.45,0.37098,3680.33936
4.5,0.37511,3727.45215
4.55,0.37923,3775.3147
4.6,0.38345,3821.57593
4.65,0.38766,3868.33667
4.7,0.39179,3915.67358
4.75,0.39591,3959.44824
4.8,0.40013,4005.21655
4.85,0.40425,4052.68042
4.9,0.40837,4098.34326
4.95,0.41259,4143.55225
5,0.41671,4189.70605
5.05,0.42084,4235.04688
5.1,0.42505,4280.39648
5.15,0.42918,4326.32178
5.2,0.4333,4372.58398
5.25,0.43752,4417.30859
5.3,0.44173,4461.96777
5.35,0.44586,4508.03027
5.4,0.44998,4553.81592
5.45,0.45429,4599.84424
5.5,0.45841,4646.02539
5.55,0.46254,4691.70557
5.6,0.46675,4736.95654
5.65,0.47088,4782.60791
5.7,0.475,4828.17871
5.75,0.47922,4874.73584
5.8,0.48343,4918.71631
5.85,0.48756,4964.19043
5.9,0.49168,5009.55078
5.95,0.4959,5055.70459
6,0.50011,5101.69678
6.05,0.50424,5146.21875
6.1,0.50836,5191.35645
6.15,0.51257,5234.80518
6.2,0.51679,5279.7041
6.25,0.52091,5324.3042
6.3,0.52513,5368.39307
6.35,0.52925,5411.34082
6.4,0.53338,5455.79248
6.45,0.53759,5501.06934
6.5,0.54181,5544.83008
6.55,0.54593,5588.56396
6.6,0.55006,5631.66309
6.65,0.55418,5674.56885
6.7,0.5584,5718.52197
6.75,0.56252,5761.55029
6.8,0.56674,5803.79932
6.85,0.57086,5845.56641
6.9,0.57498,5887.35254
6.95,0.5792,5930.25293
7,0.58342,5972.49268
7.05,0.58754,6015.90234
7.1,0.59166,6058.99072
7.15,0.59588,6100.85449
7.2,0.6,6142.89209
7.25,0.60422,6185.11719
7.3,0.60834,6227.07227
7.35,0.61256,6268.33887
7.4,0.61668,6309.99658
7.45,0.6209,6351.9126
7.5,0.62512,6393.00928
7.55,0.62924,6434.59277
7.6,0.63336,6475.80322
7.65,0.63758,6516.44238
7.7,0.6417,6557.6792
7.75,0.64583,6598.02246
7.8,0.65004,6638.02344
7.85,0.65417,6679.19971
7.9,0.65838,6718.90527
7.95,0.66251,6758.26904
8,0.66672,6797.79785
8.05,0.67094,6836.32422
8.1,0.67506,6876.06055
8.15,0.67928,6915.80713
8.2,0.6834,6953.00928
8.25,0.68753,6990.52197
8.3,0.69174,7026.53027
8.35,0.69596,7062.66406
8.4,0.70008,7097.34619
8.45,0.7042,7131.41113
8.5,0.70842,7165.72754
8.55,0.71254,7201.64844
8.6,0.71667,7236.92236
8.65,0.72088,7272.0127
8.7,0.72501,7307.64209
8.75,0.72922,7342.37305
8.8,0.73335,7377.95361
8.85,0.73756,7412.91064
8.9,0.74169,7448.32812
8.95,0.7459,7481.81201
9,0.75012,7516.92871
9.05,0.75424,7552.38623
9.1,0.75837,7588.94238
9.15,0.76258,7625.55762
9.2,0.76671,7661.01904
9.25,0.77092,7697.79395
9.3,0.77505,7734.20703
9.35,0.77926,7769.59229
9.4,0.78339,7805.20898
9.45,0.7876,7841.10352
9.5,0.79182,7875.53027
9.55,0.79594,7912.13135
9.6,0.80007,7948.36133
9.65,0.80419,7983.63184
9.7,0.80841,8019.521
9.75,0.81253,8056.73291
9.8,0.81665,8094.1543
9.85,0.82087,8130.67334
9.9,0.82499,8167.65479
9.95,0.82921,8203.81738
10,0.83333,8238.63965
10.05,0.83755,8275.2627
10.1,0.84167,8312.55859
10.15,0.84589,8348.48926
10.2,0.85011,8384.06934
10.25,0.85423,8420.95801
10.3,0.85835,8457.39648
10.35,0.86266,8492.91309
10.4,0.86679,8528.86621
10.45,0.87091,8564.65332
10.5,0.87513,8600.28711
10.55,0.87925,8635.31641
10.6,0.88337,8670.76172
10.65,0.88759,8707.92871
10.7,0.89171,8744.24023
10.75,0.89583,8781.0459
10.8,0.89996,8817.46582
10.85,0.90417,8852.86914
10.9,0.90839,8889.6748
10.95,0.91251,8926.77441
11,0.91673,8963.125
11.05,0.92095,8997.55762
11.1,0.92507,9034.82031
11.15,0.92919,9072.12402
11.2,0.93341,9109.39062
11.25,0.93763,9147.78516
11.3,0.94175,9185.43164
11.35,0.94597,9221.98438
11.4,0.95018,9259.08984
11.45,0.95431,9296.80176
11.5,0.95852,9333.69727
11.55,0.96265,9370.38867
11.6,0.96677,9405.9707
11.65,0.97089,9441.89551
11.7,0.97511,9479.30957
11.75,0.97923,9517.35254
11.8,0.98336,9554.71289
11.85,0.98748,9592.00684
11.9,0.9917,9629.69922
11.95,0.99582,9668.08105
12,1.00004,9705.87793
12.05,1.00425,9742.70898
12.1,1.00838,9780.49512
12.15,1.0125,9816.9873
12.2,1.01672,9856.24023
12.25,1.02093,9894.11914
12.3,1.02506,9932.11035
12.35,1.02927,9967.95117
12.4,1.0334,10005.45215
12.45,1.03761,10043.69141
12.5,1.04174,10080.8623
12.55,1.04595,10117.29688
12.6,1.05008,10154.64551
12.65,1.0542,10190.93945
12.7,1.05842,10226.7168
12.75,1.06254,10264.14062
12.8,1.06666,10301.35645
12.85,1.07079,10338.29785
12.9,1.075,10376.28418
12.95,1.07922,10415.46191
13,1.08344,10453.09277
13.05,1.08765,10489.92383
13.1,1.09178,10528.83301
13.15,1.09599,10566.75977
13.2,1.10021,10603.4707
13.25,1.10433,10643.22852
13.3,1.10855,10683.08789
13.35,1.11267,10720.61621
13.4,1.11689,10757.88379
13.45,1.12101,10797.69238
13.5,1.12523,10836.78613
13.55,1.12935,10874.00977
13.6,1.13347,10913.20801
13.65,1.1376,10950.74414
13.7,1.14181,10987.99902
13.75,1.14584,11024.13867
13.8,1.14997,11065.25098
13.85,1.15418,11104.17871
13.9,1.15831,11144.08496
13.95,1.16252,11184.05371
14,1.16665,11222.50684
14.05,1.17086,11261.22949
14.1,1.17499,11301.37109
14.15,1.1792,11340.13965
14.2,1.18342,11377.78809
14.25,1.18754,11415.05762
14.3,1.19167,11454.42969
14.35,1.19588,11493.00977
14.4,1.2001,11531.80664
14.45,1.20432,11571.54297
14.5,1.20844,11609.84863
14.55,1.21266,11647.56836
14.6,1.21678,11686.4707
14.65,1.2209,11725.4043
14.7,1.22512,11762.88086
14.75,1.22924,11800.62793
14.8,1.23337,11838.33691
14.85,1.23758,11876.61035
14.9,1.24171,11914.15234
14.95,1.24592,11953.22754
15,1.25005,11990.59375
15.05,1.25426,12027.59863
15.1,1.25839,12068.00098
15.15,1.26251,12107.93066
15.2,1.26673,12146.26172
15.25,1.27085,12185.91309
15.3,1.27507,12225.50098
15.35,1.27919,12263.22461
15.4,1.28341,12302.90332
15.45,1.28753,12343.46582
15.5,1.29175,12382.96582
15.55,1.29587,12422.11523
15.6,1.30008,12462.4248
15.65,1.30421,12501.2666
15.7,1.30833,12539.8916
15.75,1.31255,12579.3125
15.8,1.31667,12619.3584
15.85,1.32079,12656.40527
15.9,1.32501,12697.55176
15.95,1.32923,12738.74609
16,1.33335,12779.23242
16.05,1.33757,12818.74512
16.1,1.34169,12858.67285
16.15,1.34591,12898.48047
16.2,1.35003,12939.26953
16.25,1.35425,12980.2998
16.3,1.35846,13018.74023
16.35,1.36259,13056.74316
16.4,1.3668,13094.9541
16.45,1.37093,13134.6377
16.5,1.37514,13174.38379
16.55,1.37927,13212.96387
16.6,1.38339,13252.06055
16.65,1.38761,13291.49414
16.7,1.39173,13330.57422
16.75,1.39585,13368.8584
16.8,1.40007,13408.25391
16.85,1.40419,13446.66309
16.9,1.40841,13483.77148
16.95,1.41253,13522.98145
17,1.41666,13562.01367
17.05,1.42087,13600.26465
17.1,1.425,13638.41992
17.15,1.42921,13678.09277
17.2,1.43334,13717.05371
17.25,1.43755,13758.45996
17.3,1.44177,13797.58887
17.35,1.44589,13836.86621
17.4,1.45011,13874.69727
17.45,1.45423,13913.43652
17.5,1.45836,13953.70508
17.55,1.46257,13993.09766
17.6,1.46679,14032.67676
17.65,1.47091,14072.99316
17.7,1.47504,14112.42676
17.75,1.47916,14151.25391
17.8,1.48338,14191.2627
17.85,1.4875,14232.28809
17.9,1.49171,14271.58691
17.95,1.49593,14311.08691
18,1.50005,14350.85352
18.05,1.50427,14390.88184
18.1,1.50839,14432.15332
18.15,1.51261,14471.89746
18.2,1.51673,14512.87891
18.25,1.52095,14551.85254
18.3,1.52507,14590.37207
18.35,1.5292,14630.50879
18.4,1.53341,14669.48242
18.45,1.53754,14706.88574
18.5,1.54166,14745.36035
18.55,1.54588,14784.08301
18.6,1.55,14823.65625
18.65,1.55422,14863.75586
18.7,1.55834,14903.66016
18.75,1.56256,14943.25879
18.8,1.56668,14982.9541
18.85,1.5708,15023.07031
18.9,1.57502,15062.99512
18.95,1.57924,15101.70117
19,1.58336,15138.64258
19.05,1.58758,15177.57324
19.1,1.5917,15216.76465
19.15,1.59582,15255.73438
19.2,1.60004,15297.78223
19.25,1.60426,15338.46387
19.3,1.60838,15378.44043
19.35,1.6125,15417.91113
19.4,1.61672,15458.45312
19.45,1.62094,15497.28223
19.5,1.62506,15536.37402
19.55,1.62918,15575.77832
19.6,1.6334,15616.34375
19.65,1.63752,15654.74609
19.7,1.64165,15695.12598
19.75,1.64586,15735.29395
19.8,1.64999,15775.88281
19.85,1.6542,15816.41113
19.9,1.65842,15857.02344
19.95,1.66254,15898.80566
20,1.66676,15938.08789
20.05,1.67088,15977.77344
20.1,1.6751,16018.36816
20.15,1.67922,16057.65234
20.2,1.68334,16098.50391
20.25,1.68756,16142.12793
20.3,1.69178,16181.65234
20.35,1.6959,16221.83887
20.4,1.70002,16262.00195
20.45,1.70424,16300.88672
20.5,1.70836,16340.33203
20.55,1.71249,16378.72754
20.6,1.7167,16417.13477
20.65,1.72092,16455.68945
20.7,1.72504,16496.58984
20.75,1.72917,16535.63672
20.8,1.73338,16575.23828
20.85,1.73751,16615.0293
20.9,1.74172,16655.07031
20.95,1.74594,16695.14648
21,1.75006,16732.51562
21.05,1.75419,16771.37891
21.1,1.7584,16809.32422
21.15,1.76253,16846.64844
21.2,1.76674,16887.97852
21.25,1.77087,16929.03711
21.3,1.77508,16968.89453
21.35,1.77921,17007.47852
21.4,1.78342,17049.72852
21.45,1.78764,17088.86719
21.5,1.79167,17128.5957
21.55,1.79579,17168.29297
21.6,1.80001,17207.67969
21.65,1.80413,17247.01172
21.7,1.80835,17287.97656
21.75,1.81247,17329.04688
21.8,1.81669,17369
21.85,1.82081,17409.75977
21.9,1.82503,17453.8125
21.95,1.82925,17495.82031
22,1.83346,17535.90625
22.05,1.83759,17576.23828
22.1,1.8418,17615.89844
22.15,1.84593,17655.25391
22.2,1.85005,17696.18555
22.25,1.85427,17737.69922
22.3,1.85848,17776.85547
22.35,1.86261,17815.76953
22.4,1.86673,17857.52734
22.45,1.87095,17897.7168
22.5,1.87507,17937.36523
22.55,1.87919,17977.59961
22.6,1.88341,18017.55664
22.65,1.88753,18056.9375
22.7,1.89165,18097.13672
22.75,1.89587,18138.20703
22.8,1.89999,18178.25977
22.85,1.90421,18218.9082
22.9,1.90833,18259.93945
22.95,1.91255,18300.19922
23,1.91677,18339.89062
23.05,1.92089,18379.56641
23.1,1.92511,18419.48438
23.15,1.92923,18458.88281
23.2,1.93345,18499.49805
23.25,1.93757,18540.85742
23.3,1.94179,18581.87305
23.35,1.94591,18621.52734
23.4,1.95013,18661.8457
23.45,1.95434,18703.5918
23.5,1.95847,18742.80664
23.55,1.96259,18784.3418
23.6,1.96671,18825.24805
23.65,1.97093,18865.28516
23.7,1.97505,18904.98828
23.75,1.97918,18945.17969
23.8,1.9833,18985.57422
23.85,1.98752,19025.3457
23.9,1.99164,19067.80469
23.95,1.99586,19109.22266
24,2.00007,19150.87695
24.05,2.0042,19192.31836
24.1,2.00832,19234.25195
24.15,2.01263,19275.83789
24.2,2.01675,19316.38867
24.25,2.02088,19357.64062
24.3,2.02509,19398.83008
24.35,2.02922,19440.0625
24.4,2.03343,19481.10938
24.45,2.03756,19521.67188
24.5,2.04177,19561.20703
24.55,2.0459,19601.26758
24.6,2.05002,19641.70898
24.65,2.05424,19681.44531
24.7,2.05836,19721.42969
24.75,2.06248,19762.19336
24.8,2.0667,19803.26562
24.85,2.07092,19843.92773
24.9,2.07513,19884.74414
24.95,2.07926,19925.2168
25,2.08347,19964.57617
25.05,2.08769,20004.65039
25.1,2.09181,20044.79492
25.15,2.09603,20085.26562
25.2,2.10015,20126.65039
25.25,2.10427,20167.27148
25.3,2.10849,20206.2832
25.35,2.11271,20245.59961
25.4,2.11683,20286.08984
25.45,2.12095,20327.85352
25.5,2.12508,20368.5625
25.55,2.12929,20409.82031
25.6,2.13332,20450.82227
25.65,2.13754,20491.01172
25.7,2.14166,20531.03516
25.75,2.14579,20573.11133
25.8,2.15,20613.85742
25.85,2.15422,20654.54297
25.9,2.15825,20697.46289
25.95,2.16247,20740.58008
26,2.16668,20782.89453
26.05,2.1709,20825.73242
26.1,2.17502,20867.72266
26.15,2.17924,20909.08398
26.2,2.18346,20950.45703
26.25,2.18758,20995.42188
26.3,2.1918,21036.11914
26.35,2.19601,21076.4707
26.4,2.20014,21117.4082
26.45,2.20426,21158.59766
26.5,2.20848,21199.41211
26.55,2.2126,21239.53516
26.6,2.21672,21281.83008
26.65,2.22094,21323.18555
26.7,2.22506,21364.29102
26.75,2.22928,21406.18555
26.8,2.2334,21446.91602
26.85,2.23762,21486.57617
26.9,2.24174,21526.34961
26.95,2.24587,21567.12695
27,2.25008,21606.38281
27.05,2.25421,21647.5293
27.1,2.25833,21688.13867
27.15,2.26255,21730.69336
27.2,2.26676,21772.38477
27.25,2.27088,21814.35156
27.3,2.27501,21855.11523
27.35,2.27932,21895.89258
27.4,2.28344,21937.60352
27.45,2.28756,21978.58789
27.5,2.29178,22019.51367
27.55,2.2959,22061.22656
27.6,2.30003,22102.00586
27.65,2.30424,22142.60156
27.7,2.30837,22183.76172
27.75,2.31249,22225.95703
27.8,2.31671,22266.74414
27.85,2.32092,22308.35352
27.9,2.32505,22350.12891
27.95,2.32917,22390.78711
28,2.33339,22431.99219
28.05,2.33751,22473.74609
28.1,2.34173,22516.64258
28.15,2.34585,22559.0625
28.2,2.35007,22600.32422
28.25,2.35428,22642.93945
28.3,2.35841,22685.27734
28.35,2.36262,22728.82031
28.4,2.36675,22770.55078
28.45,2.37096,22811.83203
28.5,2.37509,22851.70703
28.55,2.3793,22890.51367
28.6,2.38343,22931.20703
28.65,2.38755,22972.56641
28.7,2.39177,23012.26172
28.75,2.39589,23053.37109
28.8,2.40001,23094.78906
28.85,2.40423,23135.25
28.9,2.40835,23175.78906
28.95,2.41248,23216.04688
29,2.41669,23255.125
29.05,2.42091,23295.71875
29.1,2.42503,23336.57227
29.15,2.42916,23377.88867
29.2,2.43337,23418.14648
29.25,2.43759,23459.23438
29.3,2.44171,23499.81836
29.35,2.44593,23540.9668
29.4,2.45005,23582.42188
29.45,2.45427,23625.66211
29.5,2.45849,23666.16602
29.55,2.46261,23705.05859
29.6,2.46673,23746.01562
29.65,2.47085,23788.14258
29.7,2.47507,23828.01562
29.75,2.47919,23869.37305
29.8,2.48332,23911.11328
29.85,2.48753,23952.48633
29.9,2.49175,23994.18359
29.95,2.49587,24035.17578
30,2.50009,24077.25977
30.05,2.50431,24118.5332
30.1,2.50843,24158.94336
30.15,2.51255,24200.19727
30.2,2.51668,24240.86523
30.25,2.52089,24280.91016
30.3,2.52502,24323.20312
30.35,2.52923,24364.00586
30.4,2.53345,24404.85156
30.45,2.53757,24444.74414
30.5,2.5417,24484.79297
30.55,2.54591,24524.0957
30.6,2.55013,24562.47266
30.65,2.55416,24602.91602
30.7,2.55838,24643.71875
30.75,2.5625,24683.5625
30.8,2.56672,24724.67969
30.85,2.57093,24764.06055
30.9,2.57506,24804.07031
30.95,2.57918,24841.69336
31,2.5834,24879.38867
31.05,2.58752,24915.41406
31.1,2.59174,24951.3457
31.15,2.59586,24989.33008
31.2,2.60008,25026.47266
31.25,2.6042,25061.01172
31.3,2.60832,25094.91211
31.35,2.61254,25130.05078
31.4,2.61676,25162.5625
31.45,2.62088,25193.27734
31.5,2.625,25221.14844
31.55,2.62922,25243.32422
31.6,2.63344,25260.68945
31.65,2.63756,25272.69336
31.7,2.64168,25277.36133
31.75,2.6459,25274.46094
31.8,2.65002,25270.28711
31.85,2.65424,25267.99219
31.9,2.65846,25266.49023
31.95,2.66258,25263.43164
32,2.6667,25254.48242
32.05,2.67092,25242.25977
32.1,2.67514,25233.33398
32.15,2.67926,25227.48047
32.2,2.68348,25220.39062
32.25,2.6876,25206.50391
32.3,2.69172,25195.37305
32.35,2.69584,25190.71484
32.4,2.70006,25190.45508
32.45,2.70418,25190.97656
32.5,2.7084,25191.03906
32.55,2.71252,25193.36914
32.6,2.71674,25196.71289
32.65,2.72096,25201.23047
32.7,2.72508,25207.70508
32.75,2.7293,25214.18359
32.8,2.73342,25221.17188
32.85,2.73754,25228.2207
32.9,2.74176,25235.75195
32.95,2.74588,25242.0625
33,2.75001,25248.19141
33.05,2.75422,25252.25586
33.1,2.75844,25253.15625
33.15,2.76266,25252.73633
33.2,2.76678,25258.94922
33.25,2.771,25268.19141
33.3,2.77512,25278.87891
33.35,2.77924,25288.79883
33.4,2.78346,25295.54102
33.45,2.78758,25303.95898
33.5,2.79171,25315.89062
33.55,2.79592,25330.50977
33.6,2.80005,25342.12109
33.65,2.80426,25352.96094
33.7,2.80839,25361.70117
33.75,2.8126,25370.12109
33.8,2.81673,25376.76758
33.85,2.82085,25387.00391
33.9,2.82507,25399.75977
33.95,2.82928,25414.72266
34,2.83341,25431.31055
34.05,2.83762,25447.5918
34.1,2.84184,25460.57422
34.15,2.84596,25471.15625
34.2,2.85009,25481.96094
34.25,2.8543,25490.39648
34.3,2.85843,25498.50391
34.35,2.86255,25509.5
34.4,2.86677,25518.63867
34.45,2.87089,25527.08984
34.5,2.87501,25534.33203
34.55,2.87923,25543.75586
34.6,2.88335,25552.96094
34.65,2.88757,25561.00195
34.7,2.89169,25569.82617
34.75,2.89591,25578.35352
34.8,2.90003,25585.40039
34.85,2.90425,25590.35352
34.9,2.90837,25594.14453
34.95,2.91259,25597.53711
35,2.9168,25602.88281
35.05,2.92093,25608.32812
35.1,2.92514,25615.13477
35.15,2.92927,25624.87695
35.2,2.93339,25635.03711
35.25,2.93761,25645.37305
35.3,2.94182,25655.24609
35.35,2.94595,25666.43945
35.4,2.95016,25678.96484
35.45,2.95429,25690.00977
35.5,2.95841,25701.71875
35.55,2.96253,25713.21484
35.6,2.96675,25723.97852
35.65,2.97087,25734.63672
35.7,2.975,25745.42188
35.75,2.97921,25756.99609
35.8,2.98343,25766.91797
35.85,2.98755,25777.36328
35.9,2.99168,25786.78125
35.95,2.99599,25796.69727
36,3.00011,25806.42383
36.05,3.00423,25815.73047
36.1,3.00845,25825.49805
36.15,3.01257,25834.52539
36.2,3.01679,25844.26953
36.25,3.02091,25854.48633
36.3,3.02513,25863.29297
36.35,3.02935,25871.33398
36.4,3.03338,25880.38672
36.45,3.03759,25889.6582
36.5,3.04172,25897.94727
36.55,3.04584,25905.66797
36.6,3.05006,25913.88281
36.65,3.05427,25921.76758
36.7,3.0584,25931.35547
36.75,3.06261,25940.66602
36.8,3.06683,25948.83984
36.85,3.07105,25956.89844
36.9,3.07517,25964.41797
36.95,3.07939,25972.11328
37,3.08351,25978.92969
37.05,3.08763,25986.33203
37.1,3.09185,25994.5332
37.15,3.09607,26004.42383
37.2,3.10019,26011.45898
37.25,3.10431,26018.50977
37.3,3.10853,26025.63867
37.35,3.11265,26032.49609
37.4,3.11677,26040.98242
37.45,3.12099,26049.04688
37.5,3.12511,26056.54688
37.55,3.12914,26064.14844
37.6,3.13336,26072.85742
37.65,3.13748,26080.76562
37.7,3.1417,26089.0625
37.75,3.14582,26096.51367
37.8,3.15004,26104.64062
37.85,3.15426,26112.98828
37.9,3.15838,26120.47852
37.95,3.1626,26127.22852
38,3.16681,26133.40234
38.05,3.17094,26140.53125
38.1,3.17506,26150.61328
38.15,3.17928,26157.52148
38.2,3.18349,26164.82031
38.25,3.18762,26172.36328
38.3,3.19183,26179.12305
38.35,3.19605,26186.59961
38.4,3.20017,26193.80859
38.45,3.20439,26200.41602
38.5,3.20851,26206.32031
38.55,3.21264,26211.36914
38.6,3.21676,26218.53125
38.65,3.22098,26225.4082
38.7,3.2251,26232.03125
38.75,3.22922,26238.87695
38.8,3.23344,26246.13086
38.85,3.23756,26253.68164
38.9,3.24178,26259.80664
38.95,3.2459,26266.41602
39,3.25012,26271.99023
39.05,3.25424,26276.97852
39.1,3.25836,26284.81055
39.15,3.26258,26292.63477
39.2,3.2668,26297.75195
39.25,3.27092,26302.29297
39.3,3.27514,26308.73242
39.35,3.27926,26315.29297
39.4,3.28338,26322.27148
39.45,3.2876,26329.89258
39.5,3.29172,26336.37695
39.55,3.29594,26341.71875
39.6,3.30006,26348.10547
39.65,3.30428,26355.7168
39.7,3.3084,26360.95508
39.75,3.31253,26367.63477
39.8,3.31674,26374.33398
39.85,3.32096,26380.1875
39.9,3.32508,26385.71484
39.95,3.3293,26391.52344
40,3.33352,26396.85547
40.05,3.33764,26402.51758
40.1,3.34176,26408.98438
40.15,3.34607,26416.15234
40.2,3.3502,26421.12305
40.25,3.35432,26427.26953
40.3,3.35854,26433.66797
40.35,3.36266,26438.74219
40.4,3.36678,26445.31445
40.45,3.371,26452.01172
40.5,3.37512,26458.69922
40.55,3.37934,26464.80273
40.6,3.38346,26469.06055
40.65,3.38759,26473.89453
40.7,3.3918,26478.60938
40.75,3.39593,26484.03125
40.8,3.40005,26489.32617
40.85,3.40427,26495.92969
40.9,3.40839,26500.44922
40.95,3.41251,26505.46094
41,3.41673,26511.50781
41.05,3.42095,26515.41797
41.1,3.42507,26521.80859
41.15,3.42929,26528.62891
41.2,3.43341,26533.70117
41.25,3.43753,26537.32031
41.3,3.44175,26543.45117
41.35,3.44597,26548.08984
41.4,3.45009,26553.52344
41.45,3.45421,26559.63867
41.5,3.45843,26566.24609
41.55,3.46265,26572.25977
41.6,3.46677,26577.72852
41.65,3.47089,26583.94531
41.7,3.47511,26588.52344
41.75,3.47923,26593.0293
41.8,3.48335,26599.62695
41.85,3.48757,26604.81641
41.9,3.49179,26608.82812
41.95,3.49591,26615.06836
42,3.50013,26619.19922
42.05,3.50425,26624.3457
42.1,3.50847,26631.54688
42.15,3.51259,26637.89062
42.2,3.51681,26642.50977
42.25,3.52093,26646.36133
42.3,3.52515,26651.9668
42.35,3.52936,26656.75781
42.4,3.53349,26661.33594
42.45,3.53761,26666.66797
42.5,3.54183,26672.02148
42.55,3.54595,26676.4668
42.6,3.55007,26680.39258
42.65,3.55429,26685.60156
42.7,3.55851,26690.12891
42.75,3.56263,26694.41992
42.8,3.56675,26699.57812
42.85,3.57097,26705.39844
42.9,3.57509,26709.19922
42.95,3.57922,26714.21484
43,3.58334,26718.57422
43.05,3.58756,26723.48633
43.1,3.59168,26728.34375
43.15,3.5959,26734.81055
43.2,3.60011,26738.97656
43.25,3.60424,26741.56641
43.3,3.60845,26746.12109
43.35,3.61267,26752.24219
43.4,3.61679,26755.51172
43.45,3.62092,26761.22852
43.5,3.62504,26767.34375
43.55,3.62926,26771.83203
43.6,3.63338,26776.79297
43.65,3.6375,26782.80469
43.7,3.64172,26787.45312
43.75,3.64594,26790.78906
43.8,3.65006,26796.22852
43.85,3.65428,26801.19336
43.9,3.65849,26804.41797
43.95,3.66262,26809.10742
44,3.66674,26813.81641
44.05,3.67096,26817.56641
44.1,3.67508,26821.88672
44.15,3.6793,26827.69336
44.2,3.68351,26833.10742
44.25,3.68763,26837.74219
44.3,3.69176,26842.51367
44.35,3.69597,26846.66211
44.4,3.70019,26851.00781
44.45,3.70431,26853.92578
44.5,3.70844,26860.68359
44.55,3.71265,26865.86328
44.6,3.71678,26870.12891
44.65,3.72099,26873.23438
44.7,3.72512,26877.38477
44.75,3.72933,26880.91406
44.8,3.73346,26885.0332
44.85,3.73758,26889.25781
44.9,3.74189,26892.92383
44.95,3.74601,26896.36719
45,3.75014,26899.27539
45.05,3.75435,26904.79492
45.1,3.75848,26909.18359
45.15,3.7626,26913.21289
45.2,3.76682,26917.73828
45.25,3.77103,26921.01953
45.3,3.77516,26924.03516
45.35,3.77928,26929.97461
45.4,3.7835,26932.80078
45.45,3.78762,26936.67188
45.5,3.79174,26941.22461
45.55,3.79596,26947.1875
45.6,3.80008,26951.79492
45.65,3.80421,26956.69141
45.7,3.80842,26961.10352
45.75,3.81264,26965.55273
45.8,3.81676,26970.23828
45.85,3.82098,26974.16797
45.9,3.8252,26976.56445
45.95,3.82932,26980.87695
46,3.83344,26984.78125
46.05,3.83766,26988.95312
46.1,3.84178,26993.26953
46.15,3.846,26998.30469
46.2,3.85012,27003.88477
46.25,3.85434,27007.63086
46.3,3.85846,27011.94336
46.35,3.86258,27016.18945
46.4,3.8668,27019.95703
46.45,3.87092,27023.5
46.5,3.87505,27027.37695
46.55,3.87926,27032.04492
46.6,3.88348,27034.60547
46.65,3.8876,27038.11914
46.7,3.89173,27042.78516
46.75,3.89594,27046.25391
46.8,3.90007,27049.87305
46.85,3.90419,27053.09375
46.9,3.9085,27057.40625
46.95,3.91262,27060.85156
47,3.91675,27062.66602
47.05,3.92096,27068.40625
47.1,3.92509,27073.6875
47.15,3.9293,27076.32422
47.2,3.93343,27079.40625
47.25,3.93764,27083.03125
47.3,3.94177,27086.00781
47.35,3.94589,27090.42383
47.4,3.95011,27095.56836
47.45,3.95423,27098.84961
47.5,3.95835,27101.63086
47.55,3.96248,27106.99414
47.6,3.96669,27111.62305
47.65,3.97082,27116.57031
47.7,3.97494,27119.84766
47.75,3.97925,27124.63477
47.8,3.98337,27128.85352
47.85,3.98759,27132.85156
47.9,3.99181,27135.8125
47.95,3.99593,27139.25195
48,4.00015,27141.96484
48.05,4.00427,27145.82031
48.1,4.00849,27148.61133
48.15,4.01261,27152.45703
48.2,4.01673,27157.27344
48.25,4.02095,27161.59766
48.3,4.02517,27165.8418
48.35,4.02929,27168.50977
48.4,4.03341,27172.26953
48.45,4.03763,27175.65039
48.5,4.04175,27179.0293
48.55,4.04597,27184.09375
48.6,4.05019,27188.63281
48.65,4.05431,27193.09375
48.7,4.05853,27194.09766
48.75,4.06265,27197.14648
48.8,4.06687,27199.23242
48.85,4.07099,27202.17188
48.9,4.0752,27205.46484
48.95,4.07933,27208.29297
49,4.08354,27209.70508
49.05,4.08767,27213.49023
49.1,4.09189,27217.74219
49.15,4.09601,27221.20898
49.2,4.10013,27222.32617
49.25,4.10435,27227.30078
49.3,4.10847,27230.92773
49.35,4.11259,27233.81836
49.4,4.11672,27237.72266
49.45,4.12084,27241.03125
49.5,4.12496,27244.03516
49.55,4.12918,27248.6875
49.6,4.1334,27252.7168
49.65,4.13752,27256.70117
49.7,4.14164,27260.74414
49.75,4.14586,27265.0293
49.8,4.15008,27269.1875
49.85,4.1542,27271.09766
49.9,4.15842,27275.85938
49.95,4.16263,27278.42383
50,4.16676,27281.07227
50.05,4.17097,27284.74414
50.1,4.17519,27288.69531
50.15,4.17941,27291.4082
50.2,4.18353,27296.85547
50.25,4.18765,27300.16992
50.3,4.19187,27303.13477
50.35,4.19599,27306.0918
50.4,4.20012,27308.28516
50.45,4.20433,27311.41797
50.5,4.20855,27314.20898
50.55,4.21267,27317.70312
50.6,4.2168,27320.30078
50.65,4.22101,27322.52539
50.7,4.22514,27325.52539
50.75,4.22926,27329.25781
50.8,4.23348,27331.82617
50.85,4.2376,27334.06055
50.9,4.24172,27336.63086
50.95,4.24594,27341.07617
51,4.25006,27343.74414
51.05,4.25428,27347.58789
51.1,4.2584,27353.26562
51.15,4.26262,27354.22852
51.2,4.26674,27354.91406
51.25,4.27096,27358.65039
51.3,4.27517,27362.22656
51.35,4.2793,27364.44531
51.4,4.28342,27368.31055
51.45,4.28764,27372.16992
51.5,4.29176,27374.5625
51.55,4.29588,27377.58789
51.6,4.3001,27382.35352
51.65,4.30422,27384.6543
51.7,4.30844,27387.54492
51.75,4.31256,27391.37109
51.8,4.31678,27395.46289
51.85,4.3209,27397.35156
51.9,4.32503,27400.78906
51.95,4.32934,27403.73633
52,4.33346,27406.64844
52.05,4.33758,27409.32617
52.1,4.34189,27413.51172
52.15,4.34602,27414.63281
52.2,4.35014,27417.54102
52.25,4.35436,27420.55273
52.3,4.35857,27423.87109
52.35,4.3627,27427.14062
52.4,4.36682,27429.45508
52.45,4.37094,27432.40625
52.5,4.37516,27435.82227
52.55,4.37928,27438.70898
52.6,4.3835,27444.16211
52.65,4.38762,27447.24805
52.7,4.39175,27448.47461
52.75,4.39596,27449.82812
52.8,4.40009,27451.00781
52.85,4.4043,27452.51367
52.9,4.40843,27455.60742
52.95,4.41255,27457.88672
53,4.41677,27460.60547
53.05,4.42089,27462.90625
53.1,4.42511,27466.54688
53.15,4.42932,27469.08984
53.2,4.43345,27470.45117
53.25,4.43766,27473.2793
53.3,4.44179,27476.49023
53.35,4.446,27478.75391
53.4,4.45013,27481.40625
53.45,4.45425,27484.5957
53.5,4.45847,27486.5918
53.55,4.46259,27490.04688
53.6,4.46671,27492.96484
53.65,4.47093,27496.68359
53.7,4.47514,27500.00586
53.75,4.47917,27504.02148
53.8,4.48339,27506.63086
53.85,4.48761,27508.05859
53.9,4.49173,27510.94141
53.95,4.49585,27513.85547
54,4.50007,27516.34961
54.05,4.50429,27518.88086
54.1,4.50841,27522.58984
54.15,4.51263,27525.18359
54.2,4.51675,27527.66992
54.25,4.52097,27533.26367
54.3,4.52509,27535.51562
54.35,4.52931,27536.71094
54.4,4.53343,27538.30859
54.45,4.53755,27540.51758
54.5,4.54177,27542.99609
54.55,4.54589,27545.64258
54.6,4.55011,27548.91797
54.65,4.55423,27550.78906
54.7,4.55845,27552.86328
54.75,4.56257,27555.04297
54.8,4.5667,27556.5957
54.85,4.57091,27558.55664
54.9,4.57513,27559.67969
54.95,4.57916,27561.72656
55,4.58338,27565.51562
55.05,4.58759,27569.94141
55.1,4.59172,27571.63867
55.15,4.59584,27573.58789
55.2,4.60006,27575.66211
55.25,4.60427,27577.60352
55.3,4.6084,27580.93164
55.35,4.61261,27582.58203
55.4,4.61674,27584.7832
55.45,4.62086,27586.45703
55.5,4.62508,27588.54883
55.55,4.62929,27591.11914
55.6,4.63342,27593.85156
55.65,4.63754,27596.28906
55.7,4.64176,27599.25977
55.75,4.64588,27603.40234
55.8,4.65009,27605.37305
55.85,4.65431,27608.10352
55.9,4.65843,27609.55078
55.95,4.66256,27611.56641
56,4.66678,27614.11719
56.05,4.6709,27616.36328
56.1,4.67511,27618.3418
56.15,4.67924,27620.94531
56.2,4.68345,27623.38477
56.25,4.68758,27625.12891
56.3,4.69179,27628.38086
56.35,4.69601,27631.5918
56.4,4.70013,27633.60352
56.45,4.70426,27635.64062
56.5,4.70847,27637.7207
56.55,4.71269,27639.25586
56.6,4.71672,27642.43555
56.65,4.72094,27647.35156
56.7,4.72515,27648.28125
56.75,4.72937,27649.375
56.8,4.73349,27649.51562
56.85,4.73762,27651.26758
56.9,4.74183,27652.47266
56.95,4.74596,27652.57422
57,4.75008,27656.08789
57.05,4.7543,27658.75391
57.1,4.75842,27659.66992
57.15,4.76254,27660.22461
57.2,4.76685,27663.07617
57.25,4.77098,27664.01562
57.3,4.7751,27666.11328
57.35,4.77932,27668.46484
57.4,4.78344,27671.80469
57.45,4.78756,27672.70117
57.5,4.79178,27674.53711
57.55,4.796,27675.92969
57.6,4.80012,27677.51758
57.65,4.80424,27680.27734
57.7,4.80846,27683.03711
57.75,4.81258,27686.75977
57.8,4.8168,27688.66797
57.85,4.82092,27691.20312
57.9,4.82514,27693.0957
57.95,4.82926,27694.39844
58,4.83348,27696.68164
58.05,4.8377,27698.69336
58.1,4.84182,27699.48242
58.15,4.84594,27701.16406
58.2,4.85016,27703.26758
58.25,4.85428,27706.88281
58.3,4.8584,27710.19727
58.35,4.86262,27712.55078
58.4,4.86674,27713.74219
58.45,4.87096,27715.63867
58.5,4.87508,27717.18164
58.55,4.8793,27718.10352
58.6,4.88342,27720.06055
58.65,4.88764,27721.0293
58.7,4.89176,27723.2793
58.75,4.89598,27724.73633
58.8,4.9001,27724.99609
58.85,4.90423,27726.63867
58.9,4.90844,27728.97852
58.95,4.91266,27729.09375
59,4.91678,27731.72852
59.05,4.921,27734.99414
59.1,4.92522,27736.46094
59.15,4.92934,27735.33789
59.2,4.93346,27738.66406
59.25,4.93768,27739.50977
59.3,4.9418,27740.97656
59.35,4.94593,27743.44727
59.4,4.95014,27744.58008
59.45,4.95427,27746.90625
59.5,4.95839,27747.83984
59.55,4.96261,27749.66016
59.6,4.96673,27751.13867
59.65,4.97085,27752.95703
59.7,4.97507,27755.41602
59.75,4.97929,27758.30273
59.8,4.98341,27760.26172
59.85,4.98753,27762.50195
59.9,4.99175,27764.67578
59.95,4.99597,27765.27148
60,5.00009,27767.77148
60.05,5.00431,27770.76367
60.1,5.00843,27771.26953
60.15,5.01265,27772.00391
60.2,5.01677,27774.10352
60.25,5.02099,27775.23633
60.3,5.02502,27777.53125
60.35,5.02914,27779.82617
60.4,5.03345,27782.51758
60.45,5.03767,27784.06055
60.5,5.04179,27785.48828
60.55,5.04601,27787.42578
60.6,5.05022,27788.89258
60.65,5.05435,27790.80859
60.7,5.05856,27794.72266
60.75,5.06269,27793.60938
60.8,5.0669,27793.46484
60.85,5.07102,27792.54688
60.9,5.07515,27792.55859
60.95,5.07936,27793.00195
61,5.08349,27795.13086
61.05,5.08761,27797.08594
61.1,5.09183,27797.85156
61.15,5.09595,27797.36523
61.2,5.10007,27798.27734
61.25,5.10429,27800.08984
61.3,5.10841,27800.24023
61.35,5.11254,27802.98633
61.4,5.11666,27804.625
61.45,5.12088,27807.62695
61.5,5.125,27808.66016
61.55,5.12912,27810.36719
61.6,5.13334,27812.11523
61.65,5.13756,27813.68555
61.7,5.14168,27815.55273
61.75,5.1459,27817.19922
61.8,5.15011,27818.52539
61.85,5.15424,27820.82812
61.9,5.15845,27822.53711
61.95,5.16267,27822.96875
62,5.16679,27825.06055
62.05,5.17101,27827.99805
62.1,5.17523,27827.61719
62.15,5.17935,27829.22461
62.2,5.18347,27830.61523
62.25,5.18769,27831.16406
62.3,5.19181,27834.21875
62.35,5.19594,27836.12109
62.4,5.20015,27838.16211
62.45,5.20428,27839.21094
62.5,5.2084,27840.24414
62.55,5.21252,27841.24219
62.6,5.21674,27842.21094
62.65,5.22096,27842.93945
62.7,5.22508,27844.79883
62.75,5.2293,27845.5918
62.8,5.23342,27845.27148
62.85,5.23764,27845.25781
62.9,5.24176,27845.9043
62.95,5.24598,27846.59766
63,5.2501,27848.23828
63.05,5.25422,27849.93945
63.1,5.25844,27850.97656
63.15,5.26266,27852.625
63.2,5.26678,27853.33008
63.25,5.27099,27854.73828
63.3,5.27512,27854.99609
63.35,5.27924,27855.67383
63.4,5.28346,27856.16602
63.45,5.28758,27857.22266
63.5,5.2918,27858.49023
63.55,5.29583,27859.10156
63.6,5.30004,27860.45117
63.65,5.30426,27860.89844
63.7,5.30838,27863.4043
63.75,5.3126,27864.48633
63.8,5.31682,27864.95703
63.85,5.32094,27866.68164
63.9,5.32516,27867.56836
63.95,5.32937,27868.56641
64,5.3335,27869.29688
64.05,5.33762,27871.04883
64.1,5.34184,27872.60742
64.15,5.34605,27872.84766
64.2,5.35018,27873.13672
64.25,5.3543,27874.48828
64.3,5.35852,27874.77344
64.35,5.36264,27875.83984
64.4,5.36676,27877
64.45,5.37098,27878.6543
64.5,5.3751,27879.48242
64.55,5.37923,27880.79688
64.6,5.38344,27882.06641
64.65,5.38757,27882.83789
64.7,5.39178,27884.99219
64.75,5.39591,27888.43555
64.8,5.40003,27887.8125
64.85,5.40425,27886.22461
64.9,5.40837,27884.70117
64.95,5.41259,27885.51953
65,5.4168,27886.75195
65.05,5.42093,27887.91406
65.1,5.42505,27887.06055
65.15,5.42927,27887.39258
65.2,5.43348,27887.62109
65.25,5.4376,27888.32422
65.3,5.44182,27889.51367
65.35,5.44595,27889.85742
65.4,5.45007,27890.08984
65.45,5.45429,27890.31836
65.5,5.4585,27891.12891
65.55,5.46263,27891.31445
65.6,5.46675,27892.66016
65.65,5.47096,27892.36523
65.7,5.47509,27894.10352
65.75,5.47921,27894.61328
65.8,5.48343,27895.96094
65.85,5.48755,27898.11523
65.9,5.49167,27898.82031
65.95,5.49598,27899.65039
66,5.5002,27900.03711
66.05,5.50432,27900.24609
66.1,5.50845,27902.45703
66.15,5.51266,27902.76367
66.2,5.51679,27904.16406
66.25,5.52091,27904.57031
66.3,5.52513,27904.57031
66.35,5.52934,27907.6543
66.4,5.53347,27909.67773
66.45,5.53759,27910.48047
66.5,5.54181,27909.36523
66.55,5.54593,27909.54102
66.6,5.55005,27910.58789
66.65,5.55427,27911.06055
66.7,5.55849,27911.81445
66.75,5.56261,27911.2793
66.8,5.56673,27911.03516
66.85,5.57095,27910.42969
66.9,5.57507,27908.87109
66.95,5.5792,27911.17383
67,5.58341,27912.22656
67.05,5.58763,27911.50195
67.1,5.59175,27910.97461
67.15,5.59597,27912.19922
67.2,5.60019,27912.65039
67.25,5.60431,27912.9082
67.3,5.60843,27913.76367
67.35,5.61265,27913.93164
67.4,5.61677,27913.87109
67.45,5.62099,27914.39258
67.5,5.62511,27913.59961
67.55,5.62933,27913.91406
67.6,5.63336,27913.42383
67.65,5.63767,27912.69727
67.7,5.64179,27913.9668
67.75,5.64592,27914.39062
67.8,5.65013,27915.51953
67.85,5.65425,27916.98828
67.9,5.65847,27917.61133
67.95,5.66259,27918.70508
68,5.66681,27919.57031
68.05,5.67093,27919.36328
68.1,5.67515,27919.23828
68.15,5.67937,27919.30664
68.2,5.68349,27920.19922
68.25,5.68761,27921.01172
68.3,5.69183,27920.66016
68.35,5.69605,27920.31445
68.4,5.70008,27921.06641
68.45,5.7042,27922.94531
68.5,5.70851,27924.02734
68.55,5.71263,27923.06836
68.6,5.71676,27923.44922
68.65,5.72097,27923.96289
68.7,5.72519,27924.50391
68.75,5.72931,27927.19922
68.8,5.73344,27927.32422
68.85,5.73756,27925.98633
68.9,5.74178,27924.06445
68.95,5.7459,27923.67578
69,5.75002,27924.44531
69.05,5.75424,27923.08594
69.1,5.75846,27921.54492
69.15,5.76258,27922.40039
69.2,5.7668,27922.02539
69.25,5.77092,27921.02734
69.3,5.77504,27921.63281
69.35,5.77926,27921.8457
69.4,5.78338,27921.96484
69.45,5.78751,27921.80273
69.5,5.79172,27922.27344
69.55,5.79594,27921.97852
69.6,5.80006,27921.75391
69.65,5.80419,27921.74609
69.7,5.8085,27921.25977
69.75,5.81262,27920.56445
69.8,5.81674,27921.38086
69.85,5.82096,27921.85547
69.9,5.82508,27922.4375
69.95,5.82921,27922.65039
70,5.83342,27924.02539
70.05,5.83764,27924.04883
70.1,5.84176,27924.12305
70.15,5.84588,27924.55273
70.2,5.8502,27923.99609
70.25,5.85432,27922.57422
70.3,5.85844,27922.94922
70.35,5.86256,27923.30469
70.4,5.86678,27927.03516
70.45,5.8709,27926.50977
70.5,5.87503,27925.52148
70.55,5.87924,27924.98438
70.6,5.88346,27927.11914
70.65,5.88758,27925.94727
70.7,5.8918,27923.70312
70.75,5.89602,27922.76953
70.8,5.90014,27920.52539
70.85,5.90426,27919.6582
70.9,5.90848,27919.22461
70.95,5.9126,27919.15234
71,5.91673,27919.17578
71.05,5.92094,27918.2168
71.1,5.92516,27916.71094
71.15,5.92928,27917.77344
71.2,5.9335,27918.44531
71.25,5.93762,27916.86133
71.3,5.94175,27916.2793
71.35,5.94587,27916.67969
71.4,5.95009,27916.1875
71.45,5.95421,27915.48438
71.5,5.95833,27914.99805
71.55,5.96255,27914.66406
71.6,5.96677,27914.16992
71.65,5.97089,27914.52344
71.7,5.97511,27913.75
71.75,5.97932,27911.88867
71.8,5.98345,27911.15625
71.85,5.98766,27911.12891
71.9,5.99179,27910.98047
71.95,5.996,27910.88477
72,6.00013,27911.14844
72.05,6.00434,27910.91211
72.1,6.00847,27910
72.15,6.01259,27909.49414
72.2,6.01671,27909.5293
72.25,6.02093,27909.17383
72.3,6.02515,27908.37305
72.35,6.02936,27907.46484
72.4,6.03349,27907.05469
72.45,6.0377,27905.5332
72.5,6.04183,27906.70898
72.55,6.04604,27906.97461
72.6,6.05017,27906.29297
72.65,6.05438,27905.89844
72.7,6.05851,27904.61719
72.75,6.06272,27903.24023
72.8,6.06684,27904.91602
72.85,6.07097,27902.76758
72.9,6.07518,27901.16406
72.95,6.0794,27900.51953
73,6.08343,27898.44336
73.05,6.08755,27894.9375
73.1,6.09186,27893.23633
73.15,6.09589,27892.30859
73.2,6.10002,27891.37891
73.25,6.10423,27889.9668
73.3,6.10836,27889.25977
73.35,6.11257,27887.8418
73.4,6.11679,27887.17773
73.45,6.12091,27885.34375
73.5,6.12504,27882.88086
73.55,6.12916,27881.57227
73.6,6.13338,27881.0293
73.65,6.13759,27880.70703
73.7,6.14172,27878.98242
73.75,6.14603,27877.22656
73.8,6.15015,27876.13867
73.85,6.15427,27874.98438
73.9,6.15849,27874.83594
73.95,6.16271,27875.11328
74,6.16683,27872.89062
74.05,6.17105,27872.11523
74.1,6.17517,27872.00781
74.15,6.17929,27870.52148
74.2,6.18351,27869.82031
74.25,6.18763,27868.5918
74.3,6.19185,27866.74219
74.35,6.19597,27865.67578
74.4,6.2001,27865.18555
74.45,6.20422,27866.95703
74.5,6.20844,27865.9082
74.55,6.21265,27864.73633
74.6,6.21677,27862.74023
74.65,6.22099,27861.68359
74.7,6.22502,27858.97461
74.75,6.22924,27856.24219
74.8,6.23346,27854.07227
74.85,6.23758,27851.65039
74.9,6.2418,27851.32812
74.95,6.24592,27849.99023
75,6.25013,27847.59961
75.05,6.25426,27845.73047
75.1,6.25848,27843.38672
75.15,6.2626,27840.89062
75.2,6.26672,27839.43945
75.25,6.27094,27838.77539
75.3,6.27515,27837.89648
75.35,6.27918,27835.29492
75.4,6.2834,27833.72656
75.45,6.28762,27831.2168
75.5,6.29174,27829.39062
75.55,6.29586,27826.10156
75.6,6.30008,27824.16602
75.65,6.3043,27822.85547
75.7,6.30842,27820.01172
75.75,6.31264,27817.32422
75.8,6.31685,27814.83008
75.85,6.32098,27812.86914
75.9,6.32519,27811.23828
75.95,6.32941,27810.71094
76,6.33353,27809.08398
76.05,6.33766,27807.44141
76.1,6.34187,27805.4082
76.15,6.346,27803.34375
76.2,6.35012,27801.56055
76.25,6.35434,27799.28516
76.3,6.35846,27796.76367
76.35,6.36258,27793.94922
76.4,6.36671,27791.50977
76.45,6.37092,27789.29492
76.5,6.37505,27787.19922
76.55,6.37917,27786.26367
76.6,6.38348,27785.30469
76.65,6.3876,27782.63477
76.7,6.39173,27779.09375
76.75,6.39585,27775.82617
76.8,6.40006,27774.42969
76.85,6.40419,27771.89062
76.9,6.4084,27771.67188
76.95,6.41262,27769.5625
77,6.41675,27764.60352
77.05,6.42096,27758.03711
77.1,6.42509,27754.93359
77.15,6.4293,27751.36523
77.2,6.43342,27749.04883
77.25,6.43764,27746.04492
77.3,6.44176,27742.54102
77.35,6.44598,27738.3125
77.4,6.45011,27735.50391
77.45,6.45432,27733.03125
77.5,6.45845,27729.86914
77.55,6.46257,27725.54492
77.6,6.46678,27722.71875
77.65,6.471,27719.02344
77.7,6.47512,27715.50195
77.75,6.47925,27712.01367
77.8,6.48346,27708.13086
77.85,6.48759,27704.70703
77.9,6.49171,27702.53711
77.95,6.49602,27700.79102
78,6.50014,27698.30859
78.05,6.50427,27695.17969
78.1,6.50848,27692.83594
78.15,6.5127,27689.11133
78.2,6.51682,27685.26758
78.25,6.52095,27681.38086
78.3,6.52516,27677.85742
78.35,6.52929,27674.41797
78.4,6.53341,27671.53125
78.45,6.53763,27668.17773
78.5,6.54184,27668.27344
78.55,6.54597,27665.29688
78.6,6.55009,27660.80273
78.65,6.55431,27655.79883
78.7,6.55843,27651.16602
78.75,6.56255,27645.01367
78.8,6.56677,27639.47266
78.85,6.57099,27635.48828
78.9,6.57511,27630.52344
78.95,6.57933,27626.74609
79,6.58345,27621.29297
79.05,6.58767,27615.43945
79.1,6.59179,27612.06055
79.15,6.59601,27608.5918
79.2,6.60013,27603.98047
79.25,6.60435,27599.33398
79.3,6.60847,27594.99805
79.35,6.61269,27591.125
79.4,6.61681,27586.8418
79.45,6.62093,27581.05664
79.5,6.62515,27576.7832
79.55,6.62927,27571.83594
79.6,6.63339,27567.24023
79.65,6.63761,27562.30469
79.7,6.64183,27556.56836
79.75,6.64595,27550.47461
79.8,6.65017,27543.60156
79.85,6.65429,27538.00977
79.9,6.65841,27533.09961
79.95,6.66263,27529.42383
80,6.66685,27524.26172
80.05,6.67097,27518.83008
80.1,6.67519,27514.24219
80.15,6.6794,27509.71875
80.2,6.68353,27504.46289
80.25,6.68765,27497.60156
80.3,6.69187,27491.05469
80.35,6.69608,27485.13867
80.4,6.70021,27478.46289
80.45,6.70433,27472.67188
80.5,6.70855,27466.23242
80.55,6.71267,27458.97266
80.6,6.71679,27454.79297
80.65,6.72101,27449.86719
80.7,6.72513,27441.70703
80.75,6.72926,27433.94336
80.8,6.73347,27425.93945
80.85,6.73769,27419.53711
80.9,6.74181,27414.11328
80.95,6.74594,27407.83398
81,6.75006,27399.30078
81.05,6.75428,27389.20703
81.1,6.75849,27381.30078
81.15,6.76262,27373.45898
81.2,6.76683,27365.15625
81.25,6.77096,27358.34375
81.3,6.77508,27349.89844
81.35,6.7793,27341.27344
81.4,6.78351,27333.14844
81.45,6.78754,27324.90234
81.5,6.79176,27317.24023
81.55,6.79588,27308.95312
81.6,6.8001,27300.73633
81.65,6.80422,27291.7832
81.7,6.80844,27283.71094
81.75,6.81266,27274.66602
81.8,6.81678,27267.11328
81.85,6.821,27257.44531
81.9,6.82512,27248.75586
81.95,6.82924,27239.76953
82,6.83346,27231.36523
82.05,6.83758,27223.31641
82.1,6.8418,27215.64258
82.15,6.84592,27206.92773
82.2,6.85014,27198.04297
82.25,6.85426,27187.38281
82.3,6.85848,27178.5918
82.35,6.86269,27169.35938
82.4,6.86682,27159.53516
82.45,6.87094,27150.02344
82.5,6.87516,27141.40039
82.55,6.87928,27136.60938
82.6,6.8835,27125.42188
82.65,6.88762,27113.67578
82.7,6.89184,27101.79102
82.75,6.89605,27091.35742
82.8,6.90008,27079.86914
82.85,6.9043,27070.46875
82.9,6.90852,27060.38867
82.95,6.91264,27048.36719
83,6.91676,27037.60352
83.05,6.92098,27028.40625
83.1,6.9251,27017.53125
83.15,6.92923,27007.92578
83.2,6.93344,26997.95117
83.25,6.93757,26987.97266
83.3,6.94169,26978.14453
83.35,6.94591,26969.87109
83.4,6.95012,26960.09375
83.45,6.95425,26949.10742
83.5,6.95837,26937.30664
83.55,6.96259,26925.39062
83.6,6.9668,26915.68164
83.65,6.97093,26903.73633
83.7,6.97514,26892.91602
83.75,6.97927,26882.06641
83.8,6.98339,26870.19336
83.85,6.98761,26859.95898
83.9,6.99182,26849.56445
83.95,6.99595,26838.00391
84,7.00016,26827.14258
84.05,7.00429,26815.77148
84.1,7.0085,26805.86523
84.15,7.01263,26795.64453
84.2,7.01684,26785.00195
84.25,7.02106,26773.16016
84.3,7.02518,26761.32617
84.35,7.0294,26751.14062
84.4,7.03352,26739.12109
84.45,7.03774,26728.6875
84.5,7.04186,26716.91211
84.55,7.04608,26704.92578
84.6,7.0502,26693.32617
84.65,7.05433,26683.77734
84.7,7.05854,26672.71484
84.75,7.06266,26660.13867
84.8,7.06679,26647.625
84.85,7.07091,26637.41992
84.9,7.07513,26627.46875
84.95,7.07925,26615.61328
85,7.08337,26602.96875
85.05,7.08759,26591.57227
85.1,7.09171,26577.29688
85.15,7.09584,26565.35547
85.2,7.10005,26553.21094
85.25,7.10427,26541.01172
85.3,7.10839,26529.45312
85.35,7.11252,26517.89258
85.4,7.11673,26505.90234
85.45,7.12086,26493.91797
85.5,7.12507,26481.9375
85.55,7.12929,26470.41992
85.6,7.13341,26458.39062
85.65,7.13763,26445.40039
85.7,7.14185,26433.39258
85.75,7.14597,26420.92188
85.8,7.15019,26408.74023
85.85,7.15431,26397.97852
85.9,7.15853,26385.91016
85.95,7.16265,26373.29492
86,7.16687,26362.53516
86.05,7.17108,26350.71875
86.1,7.17521,26339.02344
86.15,7.17933,26326.79883
86.2,7.18355,26315.01172
86.25,7.18767,26303.2793
86.3,7.19179,26289.90625
86.35,7.19592,26278.67383
86.4,7.20013,26266.28906
86.45,7.20426,26254.66797
86.5,7.20838,26243.12109
86.55,7.2126,26231.08398
86.6,7.21681,26221.81445
86.65,7.22094,26209.7832
86.7,7.22515,26195.18359
86.75,7.22937,26181.0332
86.8,7.23349,26166.91016
86.85,7.23762,26153.29102
86.9,7.24174,26141.41406
86.95,7.24595,26127.78906
87,7.25008,26113.04492
87.05,7.25429,26100.66016
87.1,7.25851,26087.38867
87.15,7.26263,26074.39258
87.2,7.26676,26061.83594
87.25,7.27097,26048.83984
87.3,7.2751,26036.96289
87.35,7.27922,26024.79492
87.4,7.28344,26013.53516
87.45,7.28756,26001.21875
87.5,7.29178,25988.24414
87.55,7.2959,25975.94531
87.6,7.30012,25962.77344
87.65,7.30433,25948.32227
87.7,7.30846,25934.54492
87.75,7.31277,25921.38086
87.8,7.31689,25907.50391
87.85,7.32101,25893.58008
87.9,7.32523,25880.48633
87.95,7.32935,25866.50781
88,7.33348,25854.14648
88.05,7.33769,25841.99219
88.1,7.34191,25829.67969
88.15,7.34603,25816.45508
88.2,7.35016,25802.64453
88.25,7.35437,25788.20312
88.3,7.3585,25774.93164
88.35,7.36262,25761.69141
88.4,7.36674,25748.83789
88.45,7.37096,25734.9375
88.5,7.37508,25721.3125
88.55,7.37921,25707.15039
88.6,7.38352,25693.81055
88.65,7.38764,25679.95508
88.7,7.39176,25668.26367
88.75,7.39598,25652.01562
88.8,7.4001,25636.63477
88.85,7.40432,25622.19141
88.9,7.40844,25609.64844
88.95,7.41266,25596.54688
89,7.41678,25581.05078
89.05,7.42091,25569.30469
89.1,7.42522,25554.29102
89.15,7.42934,25537.88672
89.2,7.43346,25522.4043
89.25,7.43758,25505.90625
89.3,7.4418,25491.83398
89.35,7.44602,25478.5625
89.4,7.45005,25464.85352
89.45,7.45427,25450.29883
89.5,7.45848,25434.94922
89.55,7.4626,25420.9043
89.6,7.46682,25407.34961
89.65,7.47094,25392.64258
89.7,7.47507,25378.21484
89.75,7.47928,25362.59961
89.8,7.4835,25348.16211
89.85,7.48762,25333.55273
89.9,7.49184,25319.66016
89.95,7.49606,25305.05078
90,7.50018,25290.08594
90.05,7.5043,25276.20703
90.1,7.50852,25260.79492
90.15,7.51264,25246.82031
90.2,7.51677,25232.46484
90.25,7.52098,25217.65234
90.3,7.5252,25201.5957
90.35,7.52932,25186.81055
90.4,7.53345,25171.41016
90.45,7.53766,25156.36914
90.5,7.54179,25141.32617
90.55,7.54591,25125.45508
90.6,7.55013,25110.50195
90.65,7.55434,25098.81055
90.7,7.55847,25084.02734
90.75,7.56259,25066.19922
90.8,7.56681,25049.01953
90.85,7.57093,25033.55078
90.9,7.57515,25016.57617
90.95,7.57927,24999.17773
91,7.58349,24982.88867
91.05,7.58761,24966.07812
91.1,7.59183,24949.67578
91.15,7.59595,24932.55664
91.2,7.60017,24917.18164
91.25,7.60429,24901.67578
91.3,7.60851,24885.70703
91.35,7.61263,24870.08789
91.4,7.61675,24853.72656
91.45,7.62097,24837.21094
91.5,7.62509,24821.78906
91.55,7.62931,24805.4668
91.6,7.63343,24788.52734
91.65,7.63765,24770.80469
91.7,7.64177,24754.24219
91.75,7.6459,24737.40625
91.8,7.65011,24720.27148
91.85,7.65433,24702.4668
91.9,7.65845,24685.93164
91.95,7.66267,24667.04492
92,7.66688,24650.67383
92.05,7.67101,24635.16992
92.1,7.67522,24618.49609
92.15,7.67935,24601.56641
92.2,7.68357,24584.70508
92.25,7.68769,24568.14258
92.3,7.69191,24551
92.35,7.69603,24532.99219
92.4,7.70015,24515.24219
92.45,7.70437,24497.2832
92.5,7.70849,24478.62695
92.55,7.71271,24461.09961
92.6,7.71683,24443.29688
92.65,7.72105,24424.48242
92.7,7.72508,24406.29883
92.75,7.72929,24390.10352
92.8,7.73342,24370.54297
92.85,7.73763,24352.03711
92.9,7.74176,24333.41992
92.95,7.74597,24314.98242
93,7.75019,24296.7793
93.05,7.75431,24278.39258
93.1,7.75844,24260.19336
93.15,7.76265,24241.04688
93.2,7.76687,24219.23438
93.25,7.77099,24198.95703
93.3,7.77502,24180.56445
93.35,7.77933,24161.56836
93.4,7.78346,24142.65625
93.45,7.78758,24122.94531
93.5,7.7918,24103.09375
93.55,7.79601,24083.49805
93.6,7.80014,24063.51758
93.65,7.80435,24044.6875
93.7,7.80848,24025.16602
93.75,7.8126,24006.12695
93.8,7.81672,23986.33594
93.85,7.82103,23966.70312
93.9,7.82515,23947.55859
93.95,7.82928,23929.18945
94,7.83349,23909.10742
94.05,7.83771,23889.74023
94.1,7.84184,23869.6582
94.15,7.84605,23848.72656
94.2,7.85017,23829.4375
94.25,7.8543,23809.62695
94.3,7.85851,23789.85742
94.35,7.86273,23768.30078
94.4,7.86685,23746.92188
94.45,7.87098,23726.78711
94.5,7.87519,23704.30078
94.55,7.87941,23682.99609
94.6,7.88344,23660.95117
94.65,7.88766,23638.76758
94.7,7.89187,23621.86719
94.75,7.896,23599.04492
94.8,7.90012,23575.13867
94.85,7.90434,23551.66211
94.9,7.90855,23529.95117
94.95,7.91258,23505.35742
95,7.91689,23482.83008
95.05,7.92102,23458.89453
95.1,7.92514,23435.9043
95.15,7.92936,23412.75781
95.2,7.93348,23390.55664
95.25,7.9376,23368.94922
95.3,7.94173,23347.30859
95.35,7.94594,23324.21094
95.4,7.95016,23302.39453
95.45,7.95428,23279.94336
95.5,7.9585,23257.4082
95.55,7.96262,23234.26562
95.6,7.96684,23209.99414
95.65,7.97096,23185.51953
95.7,7.97518,23160.28125
95.75,7.9793,23137.5
95.8,7.98343,23113.91406
95.85,7.98764,23089.87109
95.9,7.99186,23064.45508
95.95,7.99598,23040.75586
96,8.0002,23015.91602
96.05,8.00442,22992.67383
96.1,8.00854,22969.33008
96.15,8.01276,22943.88672
96.2,8.01697,22918.47656
96.25,8.0211,22893.26562
96.3,8.02522,22869.36719
96.35,8.02944,22843.04492
96.4,8.03356,22817.4043
96.45,8.03768,22792.44727
96.5,8.0418,22766.46875
96.55,8.04602,22739.67578
96.6,8.05014,22712.51758
96.65,8.05436,22685.17969
96.7,8.05848,22657.35547
96.75,8.06261,22631.33789
96.8,8.06682,22607.54297
96.85,8.07095,22577.2832
96.9,8.07507,22546.85352
96.95,8.07919,22516.94141
97,8.08332,22490.46484
97.05,8.08763,22463.04102
97.1,8.09175,22434.79492
97.15,8.09587,22404.98438
97.2,8.10009,22372.89648
97.25,8.10421,22340.08984
97.3,8.10843,22308.09375
97.35,8.11255,22274.23438
97.4,8.11677,22239.99609
97.45,8.12089,22200.30664
97.5,8.12511,22134.72852
97.526,8.12811,12396.30176
