Time,Extension,Load
(s),(mm),(N)
"0.00000","0.00000","-0.05512"
"0.05000","0.00141","1.90883"
"0.10000","0.00515","4.50312"
"0.15000","0.00965","5.32704"
"0.20000","0.01424","4.55360"
"0.25000","0.01902","4.52178"
"0.30000","0.02361","4.79707"
"0.35000","0.02811","5.11540"
"0.40000","0.03252","5.44995"
"0.45000","0.03692","5.27125"
"0.50000","0.04132","5.22046"
"0.55000","0.04564","5.24290"
"0.60000","0.04985","5.45301"
"0.65000","0.05416","5.42262"
"0.70000","0.05838","6.31305"
"0.75000","0.06269","7.14208"
"0.80000","0.06681","6.73032"
"0.85000","0.07112","6.35252"
"0.90000","0.07525","6.66677"
"0.95000","0.07946","6.86577"
"1.00000","0.08359","6.98775"
"1.05000","0.08780","7.35647"
"1.10000","0.09193","8.53902"
"1.15000","0.09605","8.33911"
"1.20000","0.10027","8.36359"
"1.25000","0.10439","9.42099"
"1.30000","0.10861","9.95820"
"1.35000","0.11273","10.15628"
"1.40000","0.11695","12.38144"
"1.45000","0.12107","13.83867"
"1.50000","0.12529","14.93829"
"1.55000","0.12950","18.52113"
"1.60000","0.13363","22.93126"
"1.65000","0.13775","27.08793"
"1.70000","0.14197","31.59466"
"1.75000","0.14609","36.05477"
"1.80000","0.15031","40.37402"
"1.85000","0.15452","44.70654"
"1.90000","0.15865","50.15662"
"1.95000","0.16277","55.37314"
"2.00000","0.16699","59.52945"
"2.05000","0.17111","67.53997"
"2.10000","0.17523","80.07719"
"2.15000","0.17935","92.30756"
"2.20000","0.18357","103.21805"
"2.25000","0.18779","114.53356"
"2.30000","0.19191","124.69324"
"2.35000","0.19603","135.37683"
"2.40000","0.20025","146.52904"
"2.45000","0.20437","157.89520"
"2.50000","0.20859","167.77098"
"2.55000","0.21281","178.22008"
"2.60000","0.21693","189.44492"
"2.65000","0.22105","199.73061"
"2.70000","0.22527","209.71109"
"2.75000","0.22949","219.80177"
"2.80000","0.23361","228.10558"
"2.85000","0.23783","236.17311"
"2.90000","0.24195","244.47639"
"2.95000","0.24617","252.09540"
"3.00000","0.25029","259.02200"
"3.05000","0.25451","266.09918"
"3.10000","0.25863","272.92239"
"3.15000","0.26275","279.11716"
"3.20000","0.26697","285.00739"
"3.25000","0.27109","291.74600"
"3.30000","0.27522","298.02750"
"3.35000","0.27943","303.34637"
"3.40000","0.28356","309.96326"
"3.45000","0.28777","316.41406"
"3.50000","0.29190","321.74231"
"3.55000","0.29611","327.31662"
"3.60000","0.30024","333.07117"
"3.65000","0.30445","338.83884"
"3.70000","0.30867","344.49240"
"3.75000","0.31279","350.00082"
"3.80000","0.31692","355.25998"
"3.85000","0.32113","360.46790"
"3.90000","0.32535","365.55466"
"3.95000","0.32947","371.07211"
"4.00000","0.33360","375.79742"
"4.05000","0.33781","380.96988"
"4.10000","0.34194","386.03876"
"4.15000","0.34606","390.79660"
"4.20000","0.35028","395.13339"
"4.25000","0.35440","400.67490"
"4.30000","0.35852","405.69455"
"4.35000","0.36274","410.12582"
"4.40000","0.36695","414.86646"
"4.45000","0.37098","420.64319"
"4.50000","0.37520","424.64630"
"4.55000","0.37942","428.81140"
"4.60000","0.38354","434.50110"
"4.65000","0.38766","439.20847"
"4.70000","0.39188","444.01813"
"4.75000","0.39610","449.32468"
"4.80000","0.40022","454.07788"
"4.85000","0.40444","458.44986"
"4.90000","0.40865","463.63065"
"4.95000","0.41278","468.39575"
"5.00000","0.41699","473.63611"
"5.05000","0.42112","478.00220"
"5.10000","0.42524","483.66348"
"5.15000","0.42936","488.25085"
"5.20000","0.43358","492.56851"
"5.25000","0.43770","497.85626"
"5.30000","0.44192","503.32529"
"5.35000","0.44604","507.33365"
"5.40000","0.45026","512.31000"
"5.45000","0.45438","517.40320"
"5.50000","0.45851","522.36206"
"5.55000","0.46272","526.75934"
"5.60000","0.46694","531.44025"
"5.65000","0.47106","536.06476"
"5.70000","0.47528","541.67242"
"5.75000","0.47940","546.63000"
"5.80000","0.48362","551.72870"
"5.85000","0.48774","556.28058"
"5.90000","0.49196","561.15424"
"5.95000","0.49618","566.27386"
"6.00000","0.50030","572.13318"
"6.05000","0.50442","576.49939"
"6.10000","0.50864","581.94751"
"6.15000","0.51276","587.56604"
"6.20000","0.51689","592.50586"
"6.25000","0.52110","597.57544"
"6.30000","0.52523","602.89404"
"6.35000","0.52935","608.25140"
"6.40000","0.53357","612.50574"
"6.45000","0.53769","618.44873"
"6.50000","0.54191","622.89398"
"6.55000","0.54612","627.64526"
"6.60000","0.55024","633.23779"
"6.65000","0.55437","638.44336"
"6.70000","0.55849","643.75165"
"6.75000","0.56280","650.16638"
"6.80000","0.56692","654.88440"
"6.85000","0.57105","660.52563"
"6.90000","0.57536","665.47931"
"6.95000","0.57948","671.17444"
"7.00000","0.58360","676.29620"
"7.05000","0.58773","682.01062"
"7.10000","0.59194","688.05841"
"7.15000","0.59607","693.44019"
"7.20000","0.60019","698.15704"
"7.25000","0.60441","703.76050"
"7.30000","0.60853","709.49591"
"7.35000","0.61265","714.31580"
"7.40000","0.61687","719.49652"
"7.45000","0.62099","725.85175"
"7.50000","0.62521","731.59753"
"7.55000","0.62943","736.46942"
"7.60000","0.63364","741.76843"
"7.65000","0.63777","747.54163"
"7.70000","0.64189","752.69080"
"7.75000","0.64620","758.38062"
"7.80000","0.65032","763.46234"
"7.85000","0.65445","768.15851"
"7.90000","0.65876","773.29773"
"7.95000","0.66288","778.81976"
"8.00000","0.66700","784.57111"
"8.05000","0.67113","789.02502"
"8.10000","0.67534","794.68774"
"8.15000","0.67947","800.35150"
"8.20000","0.68359","805.20789"
"8.25000","0.68771","810.48358"
"8.30000","0.69184","815.81299"
"8.35000","0.69596","821.40228"
"8.40000","0.70018","826.14423"
"8.45000","0.70439","832.03058"
"8.50000","0.70852","836.94952"
"8.55000","0.71273","842.10095"
"8.60000","0.71686","847.62543"
"8.65000","0.72098","853.68500"
"8.70000","0.72520","858.84595"
"8.75000","0.72941","864.90381"
"8.80000","0.73354","870.39594"
"8.85000","0.73766","875.90662"
"8.90000","0.74197","880.52991"
"8.95000","0.74609","886.41138"
"9.00000","0.75021","891.16309"
"9.05000","0.75443","896.62012"
"9.10000","0.75855","902.10101"
"9.15000","0.76268","907.11182"
"9.20000","0.76689","912.21417"
"9.25000","0.77102","917.16907"
"9.30000","0.77523","923.17413"
"9.35000","0.77936","927.42249"
"9.40000","0.78357","932.28351"
"9.45000","0.78779","937.98700"
"9.50000","0.79191","943.34521"
"9.55000","0.79604","947.99689"
"9.60000","0.80025","953.15625"
"9.65000","0.80438","958.66284"
"9.70000","0.80859","963.82489"
"9.75000","0.81281","968.66199"
"9.80000","0.81693","974.31323"
"9.85000","0.82106","979.17999"
"9.90000","0.82527","983.43018"
"9.95000","0.82949","988.38184"
"10.00000","0.83361","993.95709"
"10.05000","0.83774","998.16595"
"10.10000","0.84195","1003.11029"
"10.15000","0.84608","1008.42389"
"10.20000","0.85020","1012.90930"
"10.25000","0.85442","1017.72205"
"10.30000","0.85854","1022.72107"
"10.35000","0.86266","1027.92712"
"10.40000","0.86688","1032.42969"
"10.45000","0.87100","1037.06775"
"10.50000","0.87522","1041.61914"
"10.55000","0.87944","1046.42212"
"10.60000","0.88356","1051.47314"
"10.65000","0.88768","1056.39856"
"10.70000","0.89190","1061.81775"
"10.75000","0.89602","1066.71875"
"10.80000","0.90024","1072.11108"
"10.85000","0.90436","1076.54529"
"10.90000","0.90858","1081.35632"
"10.95000","0.91280","1086.23669"
"11.00000","0.91692","1091.02698"
"11.05000","0.92114","1096.09949"
"11.10000","0.92526","1100.87939"
"11.15000","0.92948","1105.83179"
"11.20000","0.93360","1110.48291"
"11.25000","0.93782","1115.23462"
"11.30000","0.94194","1120.22607"
"11.35000","0.94616","1124.93481"
"11.40000","0.95028","1129.21313"
"11.45000","0.95450","1134.53943"
"11.50000","0.95862","1139.16785"
"11.55000","0.96284","1143.75989"
"11.60000","0.96705","1148.53772"
"11.65000","0.97117","1153.90442"
"11.70000","0.97530","1159.06372"
"11.75000","0.97951","1163.99512"
"11.80000","0.98364","1168.73499"
"11.85000","0.98776","1173.69653"
"11.90000","0.99188","1178.27759"
"11.95000","0.99610","1183.33606"
"12.00000","1.00022","1188.63037"
"12.05000","1.00425","1192.71802"
"12.10000","1.00847","1197.61572"
"12.15000","1.01269","1203.41504"
"12.20000","1.01681","1208.85425"
"12.25000","1.02103","1213.22754"
"12.30000","1.02515","1218.42163"
"12.35000","1.02927","1224.25256"
"12.40000","1.03349","1228.99512"
"12.45000","1.03771","1234.01831"
"12.50000","1.04183","1238.47839"
"12.55000","1.04605","1243.86572"
"12.60000","1.05026","1249.13464"
"12.65000","1.05439","1254.37170"
"12.70000","1.05860","1259.83008"
"12.75000","1.06282","1265.01392"
"12.80000","1.06694","1270.10950"
"12.85000","1.07107","1275.50537"
"12.90000","1.07528","1280.06250"
"12.95000","1.07950","1285.00964"
"13.00000","1.08362","1290.06775"
"13.05000","1.08775","1295.37744"
"13.10000","1.09196","1300.21606"
"13.15000","1.09609","1305.15991"
"13.20000","1.10021","1310.09155"
"13.25000","1.10443","1315.18884"
"13.30000","1.10864","1320.53247"
"13.35000","1.11277","1324.75989"
"13.40000","1.11689","1330.28137"
"13.45000","1.12111","1335.40979"
"13.50000","1.12523","1340.18140"
"13.55000","1.12935","1345.01184"
"13.60000","1.13366","1350.11340"
"13.65000","1.13779","1355.82117"
"13.70000","1.14191","1360.71667"
"13.75000","1.14613","1365.81482"
"13.80000","1.15034","1371.05212"
"13.85000","1.15446","1376.67700"
"13.90000","1.15859","1381.32251"
"13.95000","1.16280","1386.33789"
"14.00000","1.16693","1391.59766"
"14.05000","1.17105","1396.53809"
"14.10000","1.17527","1401.02576"
"14.15000","1.17948","1406.35242"
"14.20000","1.18351","1411.53625"
"14.25000","1.18773","1415.77466"
"14.30000","1.19185","1420.27771"
"14.35000","1.19607","1425.74194"
"14.40000","1.20019","1431.13123"
"14.45000","1.20441","1435.12305"
"14.50000","1.20853","1439.91431"
"14.55000","1.21275","1445.15125"
"14.60000","1.21687","1449.88037"
"14.65000","1.22109","1454.90979"
"14.70000","1.22521","1459.98987"
"14.75000","1.22943","1463.87085"
"14.80000","1.23365","1468.84790"
"14.85000","1.23777","1474.29541"
"14.90000","1.24199","1479.06812"
"14.95000","1.24620","1483.85071"
"15.00000","1.25033","1488.76355"
"15.05000","1.25445","1493.89575"
"15.10000","1.25857","1498.07361"
"15.15000","1.26279","1502.67480"
"15.20000","1.26691","1507.57361"
"15.25000","1.27104","1511.85913"
"15.30000","1.27525","1516.98938"
"15.35000","1.27938","1521.59656"
"15.40000","1.28359","1526.78516"
"15.45000","1.28781","1532.03369"
"15.50000","1.29193","1537.06506"
"15.55000","1.29606","1542.77502"
"15.60000","1.30027","1547.39380"
"15.65000","1.30440","1552.76514"
"15.70000","1.30852","1558.01562"
"15.75000","1.31274","1563.07812"
"15.80000","1.31695","1568.05872"
"15.85000","1.32108","1573.25549"
"15.90000","1.32520","1578.88184"
"15.95000","1.32942","1583.76941"
"16.00000","1.33363","1589.20117"
"16.05000","1.33766","1594.44751"
"16.10000","1.34188","1599.16650"
"16.15000","1.34600","1604.80627"
"16.20000","1.35022","1610.26526"
"16.25000","1.35434","1615.18384"
"16.30000","1.35856","1619.79883"
"16.35000","1.36268","1625.67590"
"16.40000","1.36680","1631.47974"
"16.45000","1.37102","1636.91602"
"16.50000","1.37524","1641.87085"
"16.55000","1.37936","1648.15820"
"16.60000","1.38358","1653.77002"
"16.65000","1.38770","1659.55225"
"16.70000","1.39192","1665.31335"
"16.75000","1.39604","1671.17493"
"16.80000","1.40026","1676.31580"
"16.85000","1.40438","1682.02759"
"16.90000","1.40860","1688.71912"
"16.95000","1.41281","1694.06921"
"17.00000","1.41694","1699.96899"
"17.05000","1.42106","1706.34741"
"17.10000","1.42518","1711.38379"
"17.15000","1.42940","1717.07666"
"17.20000","1.43352","1722.93042"
"17.25000","1.43765","1729.01855"
"17.30000","1.44186","1734.03528"
"17.35000","1.44608","1739.71936"
"17.40000","1.45020","1746.24658"
"17.45000","1.45442","1752.28271"
"17.50000","1.45854","1758.25354"
"17.55000","1.46276","1764.78528"
"17.60000","1.46688","1770.97632"
"17.65000","1.47110","1776.98718"
"17.70000","1.47522","1783.92212"
"17.75000","1.47935","1790.58142"
"17.80000","1.48356","1795.40967"
"17.85000","1.48778","1801.95032"
"17.90000","1.49190","1808.94617"
"17.95000","1.49612","1814.86719"
"18.00000","1.50024","1821.30835"
"18.05000","1.50446","1827.55884"
"18.10000","1.50858","1833.81909"
"18.15000","1.51280","1839.46692"
"18.20000","1.51692","1845.23035"
"18.25000","1.52105","1851.05188"
"18.30000","1.52517","1856.71729"
"18.35000","1.52939","1862.85938"
"18.40000","1.53351","1869.30859"
"18.45000","1.53772","1874.37048"
"18.50000","1.54185","1880.02197"
"18.55000","1.54606","1886.21265"
"18.60000","1.55019","1892.48718"
"18.65000","1.55440","1897.88123"
"18.70000","1.55853","1905.03613"
"18.75000","1.56274","1910.55542"
"18.80000","1.56696","1916.00085"
"18.85000","1.57108","1922.80933"
"18.90000","1.57521","1929.14246"
"18.95000","1.57942","1934.16809"
"19.00000","1.58364","1940.64734"
"19.05000","1.58776","1947.74341"
"19.10000","1.59189","1953.55249"
"19.15000","1.59610","1959.00562"
"19.20000","1.60013","1966.20337"
"19.25000","1.60435","1972.64343"
"19.30000","1.60847","1978.02747"
"19.35000","1.61269","1984.92395"
"19.40000","1.61691","1991.73425"
"19.45000","1.62103","1997.21619"
"19.50000","1.62525","2004.01660"
"19.55000","1.62946","2011.43604"
"19.60000","1.63359","2017.95154"
"19.65000","1.63780","2024.55981"
"19.70000","1.64202","2031.78003"
"19.75000","1.64614","2038.11316"
"19.80000","1.65036","2044.89514"
"19.85000","1.65448","2051.47412"
"19.90000","1.65870","2057.80127"
"19.95000","1.66282","2063.57422"
"20.00000","1.66695","2070.24414"
"20.05000","1.67107","2076.69678"
"20.10000","1.67519","2082.95435"
"20.15000","1.67941","2088.95972"
"20.20000","1.68353","2096.06860"
"20.25000","1.68766","2102.97021"
"20.30000","1.69187","2108.90894"
"20.35000","1.69600","2115.99756"
"20.40000","1.70021","2122.70312"
"20.45000","1.70434","2128.68945"
"20.50000","1.70855","2134.35059"
"20.55000","1.71268","2141.58984"
"20.60000","1.71689","2148.50391"
"20.65000","1.72101","2154.87305"
"20.70000","1.72523","2161.74731"
"20.75000","1.72935","2168.45020"
"20.80000","1.73357","2175.20605"
"20.85000","1.73779","2182.18335"
"20.90000","1.74191","2189.55469"
"20.95000","1.74613","2196.12280"
"21.00000","1.75025","2203.01270"
"21.05000","1.75437","2210.49731"
"21.10000","1.75850","2216.74951"
"21.15000","1.76271","2223.40161"
"21.20000","1.76693","2230.41016"
"21.25000","1.77105","2237.83691"
"21.30000","1.77527","2244.25171"
"21.35000","1.77949","2251.01758"
"21.40000","1.78361","2258.53247"
"21.45000","1.78773","2265.32373"
"21.50000","1.79195","2272.06177"
"21.55000","1.79607","2280.34131"
"21.60000","1.80020","2286.39893"
"21.65000","1.80441","2293.86572"
"21.70000","1.80863","2301.82300"
"21.75000","1.81275","2309.56323"
"21.80000","1.81697","2316.17603"
"21.85000","1.82119","2323.46118"
"21.90000","1.82531","2331.69873"
"21.95000","1.82943","2339.70825"
"22.00000","1.83365","2346.57617"
"22.05000","1.83777","2354.14795"
"22.10000","1.84190","2360.80347"
"22.15000","1.84611","2367.41821"
"22.20000","1.85024","2374.78979"
"22.25000","1.85436","2381.88232"
"22.30000","1.85858","2389.03931"
"22.35000","1.86270","2396.00879"
"22.40000","1.86692","2403.74536"
"22.45000","1.87104","2410.42603"
"22.50000","1.87516","2417.35376"
"22.55000","1.87938","2424.22803"
"22.60000","1.88350","2431.72168"
"22.65000","1.88772","2438.48901"
"22.70000","1.89194","2445.57690"
"22.75000","1.89606","2453.17944"
"22.80000","1.90028","2460.38818"
"22.85000","1.90449","2467.40088"
"22.90000","1.90862","2475.83179"
"22.95000","1.91283","2482.70190"
"23.00000","1.91696","2489.76416"
"23.05000","1.92108","2498.03003"
"23.10000","1.92530","2505.25317"
"23.15000","1.92951","2512.37427"
"23.20000","1.93364","2519.38257"
"23.25000","1.93776","2527.53760"
"23.30000","1.94198","2534.29346"
"23.35000","1.94619","2541.74292"
"23.40000","1.95031","2550.15161"
"23.45000","1.95444","2557.21802"
"23.50000","1.95865","2564.74536"
"23.55000","1.96278","2572.95483"
"23.60000","1.96699","2581.09595"
"23.65000","1.97112","2588.86865"
"23.70000","1.97533","2596.24829"
"23.75000","1.97946","2603.28564"
"23.80000","1.98358","2609.89966"
"23.85000","1.98780","2617.63232"
"23.90000","1.99192","2626.02148"
"23.95000","1.99604","2633.92114"
"24.00000","2.00017","2641.08789"
"24.05000","2.00438","2648.84155"
"24.10000","2.00851","2656.83447"
"24.15000","2.01263","2664.09619"
"24.20000","2.01685","2671.00562"
"24.25000","2.02097","2678.65112"
"24.30000","2.02509","2685.57324"
"24.35000","2.02940","2693.28833"
"24.40000","2.03353","2701.49268"
"24.45000","2.03765","2708.76392"
"24.50000","2.04187","2716.29028"
"24.55000","2.04608","2724.53027"
"24.60000","2.05021","2732.77515"
"24.65000","2.05442","2740.44263"
"24.70000","2.05855","2747.98901"
"24.75000","2.06276","2755.84814"
"24.80000","2.06689","2763.27588"
"24.85000","2.07110","2770.23462"
"24.90000","2.07532","2778.46094"
"24.95000","2.07944","2786.58984"
"25.00000","2.08366","2794.11963"
"25.05000","2.08778","2802.28467"
"25.10000","2.09191","2809.84521"
"25.15000","2.09603","2817.08472"
"25.20000","2.10025","2824.92065"
"25.25000","2.10437","2833.32617"
"25.30000","2.10849","2840.64233"
"25.35000","2.11280","2847.68799"
"25.40000","2.11693","2856.13501"
"25.45000","2.12105","2864.23218"
"25.50000","2.12527","2872.22876"
"25.55000","2.12948","2880.11182"
"25.60000","2.13361","2888.46143"
"25.65000","2.13773","2896.67725"
"25.70000","2.14194","2904.18604"
"25.75000","2.14607","2913.33862"
"25.80000","2.15028","2920.91797"
"25.85000","2.15450","2928.40039"
"25.90000","2.15862","2936.36377"
"25.95000","2.16275","2945.46753"
"26.00000","2.16696","2953.33325"
"26.05000","2.17109","2961.15894"
"26.10000","2.17530","2969.96460"
"26.15000","2.17943","2977.52612"
"26.20000","2.18355","2984.83472"
"26.25000","2.18777","2993.53809"
"26.30000","2.19189","3001.55933"
"26.35000","2.19611","3008.61255"
"26.40000","2.20023","3015.92944"
"26.45000","2.20445","3023.98682"
"26.50000","2.20857","3032.30591"
"26.55000","2.21279","3040.14404"
"26.60000","2.21691","3048.49609"
"26.65000","2.22103","3057.01025"
"26.70000","2.22525","3064.40942"
"26.75000","2.22947","3073.05200"
"26.80000","2.23359","3080.98877"
"26.85000","2.23781","3088.45776"
"26.90000","2.24202","3096.16406"
"26.95000","2.24605","3103.90356"
"27.00000","2.25027","3112.15747"
"27.05000","2.25439","3120.75513"
"27.10000","2.25861","3129.81421"
"27.15000","2.26273","3137.46191"
"27.20000","2.26695","3145.46216"
"27.25000","2.27107","3154.15381"
"27.30000","2.27520","3161.97583"
"27.35000","2.27941","3170.20630"
"27.40000","2.28354","3178.62451"
"27.45000","2.28766","3186.73511"
"27.50000","2.29188","3194.77808"
"27.55000","2.29609","3203.12720"
"27.60000","2.30022","3212.10181"
"27.65000","2.30434","3222.21484"
"27.70000","2.30865","3230.54224"
"27.75000","2.31277","3239.52930"
"27.80000","2.31690","3248.06689"
"27.85000","2.32111","3256.16821"
"27.90000","2.32523","3264.95142"
"27.95000","2.32936","3273.87598"
"28.00000","2.33358","3282.23706"
"28.05000","2.33770","3290.77344"
"28.10000","2.34191","3300.37427"
"28.15000","2.34604","3309.78857"
"28.20000","2.35025","3317.93286"
"28.25000","2.35438","3326.50464"
"28.30000","2.35850","3335.53296"
"28.35000","2.36272","3344.45044"
"28.40000","2.36684","3353.29883"
"28.45000","2.37106","3361.47144"
"28.50000","2.37518","3370.00122"
"28.55000","2.37940","3379.20117"
"28.60000","2.38352","3388.37085"
"28.65000","2.38774","3397.51099"
"28.70000","2.39186","3405.99463"
"28.75000","2.39608","3415.05420"
"28.80000","2.40020","3424.45190"
"28.85000","2.40442","3433.22632"
"28.90000","2.40863","3441.93579"
"28.95000","2.41276","3450.79761"
"29.00000","2.41688","3459.21216"
"29.05000","2.42110","3467.53223"
"29.10000","2.42522","3476.65405"
"29.15000","2.42934","3485.44971"
"29.20000","2.43347","3494.06201"
"29.25000","2.43768","3503.28784"
"29.30000","2.44181","3512.21826"
"29.35000","2.44602","3521.00806"
"29.40000","2.45024","3530.22632"
"29.45000","2.45436","3538.87354"
"29.50000","2.45849","3548.19678"
"29.55000","2.46280","3556.62378"
"29.60000","2.46692","3565.92920"
"29.65000","2.47104","3575.64917"
"29.70000","2.47526","3584.46997"
"29.75000","2.47948","3594.26294"
"29.80000","2.48360","3603.64575"
"29.85000","2.48772","3613.10132"
"29.90000","2.49203","3622.07544"
"29.95000","2.49606","3631.46411"
"30.00000","2.50019","3640.38794"
"30.05000","2.50440","3649.17554"
"30.10000","2.50862","3658.03247"
"30.15000","2.51274","3666.99805"
"30.20000","2.51687","3675.86304"
"30.25000","2.52108","3684.46216"
"30.30000","2.52520","3694.18530"
"30.35000","2.52933","3702.75195"
"30.40000","2.53354","3711.34399"
"30.45000","2.53767","3720.11987"
"30.50000","2.54188","3729.07031"
"30.55000","2.54610","3738.11523"
"30.60000","2.55022","3746.62622"
"30.65000","2.55435","3755.52393"
"30.70000","2.55856","3764.43896"
"30.75000","2.56269","3773.01733"
"30.80000","2.56690","3781.62231"
"30.85000","2.57103","3790.55933"
"30.90000","2.57524","3798.66968"
"30.95000","2.57937","3807.65601"
"31.00000","2.58349","3816.50317"
"31.05000","2.58771","3824.49658"
"31.10000","2.59183","3833.23950"
"31.15000","2.59595","3842.05493"
"31.20000","2.60017","3850.77563"
"31.25000","2.60439","3859.73535"
"31.30000","2.60860","3868.62915"
"31.35000","2.61273","3878.11206"
"31.40000","2.61694","3887.15601"
"31.45000","2.62116","3896.48828"
"31.50000","2.62519","3905.34204"
"31.55000","2.62950","3914.12964"
"31.60000","2.63362","3923.35962"
"31.65000","2.63784","3932.68311"
"31.70000","2.64196","3941.83057"
"31.75000","2.64618","3951.18848"
"31.80000","2.65030","3960.69409"
"31.85000","2.65443","3969.70728"
"31.90000","2.65864","3978.20166"
"31.95000","2.66277","3987.62964"
"32.00000","2.66689","3996.59937"
"32.05000","2.67111","4005.20532"
"32.10000","2.67523","4014.07471"
"32.15000","2.67935","4023.01318"
"32.20000","2.68348","4030.69434"
"32.25000","2.68769","4039.58105"
"32.30000","2.69182","4048.95386"
"32.35000","2.69594","4057.75171"
"32.40000","2.70016","4066.61108"
"32.45000","2.70437","4075.46338"
"32.50000","2.70849","4084.97778"
"32.55000","2.71271","4094.02515"
"32.60000","2.71683","4102.70361"
"32.65000","2.72105","4112.14209"
"32.70000","2.72517","4120.61182"
"32.75000","2.72939","4129.20410"
"32.80000","2.73351","4137.97852"
"32.85000","2.73773","4147.73486"
"32.90000","2.74195","4156.10840"
"32.95000","2.74607","4165.10791"
"33.00000","2.75019","4174.89600"
"33.05000","2.75441","4184.08545"
"33.10000","2.75853","4193.44580"
"33.15000","2.76266","4203.69287"
"33.20000","2.76687","4213.52734"
"33.25000","2.77100","4222.18652"
"33.30000","2.77521","4231.56641"
"33.35000","2.77934","4241.99072"
"33.40000","2.78355","4252.08691"
"33.45000","2.78777","4262.02490"
"33.50000","2.79189","4271.92480"
"33.55000","2.79602","4282.03613"
"33.60000","2.80023","4292.23828"
"33.65000","2.80436","4302.79736"
"33.70000","2.80857","4313.01172"
"33.75000","2.81279","4322.51709"
"33.80000","2.81691","4332.85938"
"33.85000","2.82104","4343.40869"
"33.90000","2.82525","4353.30322"
"33.95000","2.82938","4363.08252"
"34.00000","2.83350","4373.25049"
"34.05000","2.83772","4383.31738"
"34.10000","2.84193","4393.78613"
"34.15000","2.84606","4404.35986"
"34.20000","2.85018","4414.18604"
"34.25000","2.85430","4423.78760"
"34.30000","2.85852","4433.66895"
"34.35000","2.86264","4444.39697"
"34.40000","2.86686","4454.52100"
"34.45000","2.87108","4464.80420"
"34.50000","2.87520","4475.84912"
"34.55000","2.87932","4486.81055"
"34.60000","2.88354","4497.45801"
"34.65000","2.88766","4509.07227"
"34.70000","2.89188","4520.50391"
"34.75000","2.89610","4530.76953"
"34.80000","2.90022","4542.44824"
"34.85000","2.90444","4553.71240"
"34.90000","2.90865","4563.95508"
"34.95000","2.91278","4575.49707"
"35.00000","2.91690","4587.50488"
"35.05000","2.92112","4598.06934"
"35.10000","2.92533","4609.44531"
"35.15000","2.92946","4621.30322"
"35.20000","2.93358","4632.73584"
"35.25000","2.93779","4643.66016"
"35.30000","2.94192","4654.87598"
"35.35000","2.94604","4666.02832"
"35.40000","2.95026","4676.29639"
"35.45000","2.95447","4687.83447"
"35.50000","2.95860","4699.65479"
"35.55000","2.96281","4711.13818"
"35.60000","2.96694","4722.26660"
"35.65000","2.97106","4733.88770"
"35.70000","2.97518","4746.11133"
"35.75000","2.97931","4757.50195"
"35.80000","2.98352","4770.27539"
"35.85000","2.98765","4782.12109"
"35.90000","2.99186","4793.26123"
"35.95000","2.99608","4804.59619"
"36.00000","3.00020","4816.65820"
"36.05000","3.00433","4828.42529"
"36.10000","3.00854","4840.08545"
"36.15000","3.01267","4852.00830"
"36.20000","3.01679","4863.97607"
"36.25000","3.02101","4875.80859"
"36.30000","3.02522","4887.43799"
"36.35000","3.02935","4899.56689"
"36.40000","3.03356","4909.80420"
"36.45000","3.03778","4921.68652"
"36.50000","3.04190","4933.99365"
"36.55000","3.04603","4946.49609"
"36.60000","3.05024","4958.03369"
"36.65000","3.05437","4970.84375"
"36.70000","3.05858","4982.73926"
"36.75000","3.06271","4994.69775"
"36.80000","3.06692","5006.89600"
"36.85000","3.07105","5019.30518"
"36.90000","3.07526","5030.90723"
"36.95000","3.07948","5042.18701"
"37.00000","3.08360","5055.01367"
"37.05000","3.08773","5067.16992"
"37.10000","3.09194","5079.18115"
"37.15000","3.09607","5091.39844"
"37.20000","3.10019","5103.67529"
"37.25000","3.10440","5114.87500"
"37.30000","3.10853","5126.45850"
"37.35000","3.11275","5139.25977"
"37.40000","3.11687","5150.76318"
"37.45000","3.12108","5161.75830"
"37.50000","3.12521","5174.21924"
"37.55000","3.12933","5186.06152"
"37.60000","3.13355","5198.21289"
"37.65000","3.13776","5210.79590"
"37.70000","3.14189","5222.93018"
"37.75000","3.14610","5234.97461"
"37.80000","3.15023","5247.54736"
"37.85000","3.15444","5260.06299"
"37.90000","3.15857","5272.74902"
"37.95000","3.16278","5284.46191"
"38.00000","3.16691","5296.51172"
"38.05000","3.17103","5308.64844"
"38.10000","3.17525","5321.34473"
"38.15000","3.17946","5334.24854"
"38.20000","3.18359","5346.94287"
"38.25000","3.18771","5359.09180"
"38.30000","3.19193","5371.66748"
"38.35000","3.19605","5384.37500"
"38.40000","3.20017","5396.24561"
"38.45000","3.20439","5407.75684"
"38.50000","3.20861","5419.90332"
"38.55000","3.21264","5432.58545"
"38.60000","3.21695","5444.71240"
"38.65000","3.22107","5457.30127"
"38.70000","3.22529","5470.17529"
"38.75000","3.22941","5482.42871"
"38.80000","3.23363","5494.56689"
"38.85000","3.23775","5506.95264"
"38.90000","3.24187","5519.61523"
"38.95000","3.24609","5531.59863"
"39.00000","3.25021","5544.09961"
"39.05000","3.25434","5555.51221"
"39.10000","3.25855","5567.69482"
"39.15000","3.26268","5580.86230"
"39.20000","3.26680","5593.72119"
"39.25000","3.27102","5605.67383"
"39.30000","3.27523","5618.10986"
"39.35000","3.27936","5631.08057"
"39.40000","3.28348","5643.33350"
"39.45000","3.28770","5655.63232"
"39.50000","3.29182","5668.71143"
"39.55000","3.29603","5681.20947"
"39.60000","3.30025","5693.52393"
"39.65000","3.30447","5706.11133"
"39.70000","3.30850","5719.12695"
"39.75000","3.31271","5732.55176"
"39.80000","3.31693","5745.53027"
"39.85000","3.32105","5759.50488"
"39.90000","3.32518","5772.39746"
"39.95000","3.32939","5784.99219"
"40.00000","3.33352","5797.53857"
"40.05000","3.33773","5810.79102"
"40.10000","3.34186","5823.09277"
"40.15000","3.34607","5835.53711"
"40.20000","3.35020","5848.68408"
"40.25000","3.35432","5861.53809"
"40.30000","3.35854","5873.82666"
"40.35000","3.36275","5887.33545"
"40.40000","3.36688","5899.42676"
"40.45000","3.37109","5912.19482"
"40.50000","3.37522","5925.17529"
"40.55000","3.37934","5937.96143"
"40.60000","3.38356","5950.70752"
"40.65000","3.38777","5963.37207"
"40.70000","3.39190","5975.57178"
"40.75000","3.39602","5988.46582"
"40.80000","3.40024","6001.19971"
"40.85000","3.40445","6014.68945"
"40.90000","3.40858","6026.66064"
"40.95000","3.41279","6039.58887"
"41.00000","3.41692","6051.91357"
"41.05000","3.42104","6064.90918"
"41.10000","3.42516","6077.52344"
"41.15000","3.42938","6090.36572"
"41.20000","3.43350","6102.31592"
"41.25000","3.43763","6115.19238"
"41.30000","3.44184","6127.75342"
"41.35000","3.44606","6141.49854"
"41.40000","3.45018","6153.67432"
"41.45000","3.45440","6166.26025"
"41.50000","3.45862","6179.16504"
"41.55000","3.46274","6192.70996"
"41.60000","3.46686","6205.32861"
"41.65000","3.47108","6218.12207"
"41.70000","3.47530","6231.31445"
"41.75000","3.47942","6244.01221"
"41.80000","3.48364","6257.02295"
"41.85000","3.48776","6270.37305"
"41.90000","3.49198","6284.12207"
"41.95000","3.49610","6297.03857"
"42.00000","3.50022","6309.83936"
"42.05000","3.50444","6323.51807"
"42.10000","3.50847","6335.82227"
"42.15000","3.51278","6349.11865"
"42.20000","3.51690","6362.34424"
"42.25000","3.52102","6374.94824"
"42.30000","3.52524","6387.58984"
"42.35000","3.52936","6400.58154"
"42.40000","3.53349","6413.61768"
"42.45000","3.53770","6426.17432"
"42.50000","3.54192","6439.06592"
"42.55000","3.54604","6452.01855"
"42.60000","3.55017","6465.14746"
"42.65000","3.55438","6478.26514"
"42.70000","3.55860","6491.07227"
"42.75000","3.56272","6504.32471"
"42.80000","3.56694","6517.19873"
"42.85000","3.57106","6529.88867"
"42.90000","3.57519","6542.85791"
"42.95000","3.57931","6555.76953"
"43.00000","3.58353","6568.63379"
"43.05000","3.58765","6581.68213"
"43.10000","3.59177","6595.08350"
"43.15000","3.59599","6607.67383"
"43.20000","3.60021","6621.64746"
"43.25000","3.60433","6634.18994"
"43.30000","3.60855","6646.55664"
"43.35000","3.61276","6660.42041"
"43.40000","3.61689","6673.59961"
"43.45000","3.62110","6686.57129"
"43.50000","3.62532","6700.27783"
"43.55000","3.62944","6713.42969"
"43.60000","3.63366","6726.55615"
"43.65000","3.63788","6740.00098"
"43.70000","3.64200","6753.00488"
"43.75000","3.64612","6765.98828"
"43.80000","3.65034","6779.16406"
"43.85000","3.65446","6792.74805"
"43.90000","3.65859","6806.38477"
"43.95000","3.66271","6819.32422"
"44.00000","3.66693","6832.97314"
"44.05000","3.67105","6846.60449"
"44.10000","3.67517","6860.11914"
"44.15000","3.67939","6873.42676"
"44.20000","3.68351","6886.74023"
"44.25000","3.68763","6900.14209"
"44.30000","3.69185","6913.34326"
"44.35000","3.69597","6926.46191"
"44.40000","3.70019","6939.44824"
"44.45000","3.70431","6952.53906"
"44.50000","3.70853","6966.20068"
"44.55000","3.71265","6980.22412"
"44.60000","3.71687","6993.95020"
"44.65000","3.72109","7007.18604"
"44.70000","3.72521","7020.33252"
"44.75000","3.72933","7033.93896"
"44.80000","3.73355","7047.65527"
"44.85000","3.73777","7060.52100"
"44.90000","3.74189","7073.90918"
"44.95000","3.74601","7087.91846"
"45.00000","3.75023","7101.25635"
"45.05000","3.75435","7114.75781"
"45.10000","3.75857","7128.55615"
"45.15000","3.76269","7141.95752"
"45.20000","3.76691","7156.11377"
"45.25000","3.77103","7169.75488"
"45.30000","3.77516","7183.27832"
"45.35000","3.77937","7197.50391"
"45.40000","3.78359","7210.68311"
"45.45000","3.78771","7224.14404"
"45.50000","3.79193","7238.02734"
"45.55000","3.79605","7251.67676"
"45.60000","3.80018","7265.36719"
"45.65000","3.80439","7278.91016"
"45.70000","3.80861","7292.69238"
"45.75000","3.81273","7306.67090"
"45.80000","3.81695","7320.31738"
"45.85000","3.82117","7333.74219"
"45.90000","3.82529","7347.69531"
"45.95000","3.82941","7360.46045"
"46.00000","3.83363","7374.29492"
"46.05000","3.83775","7388.54639"
"46.10000","3.84188","7402.68701"
"46.15000","3.84600","7416.10010"
"46.20000","3.85022","7429.94824"
"46.25000","3.85434","7444.95898"
"46.30000","3.85846","7458.80908"
"46.35000","3.86268","7471.77686"
"46.40000","3.86690","7485.57373"
"46.45000","3.87102","7499.74561"
"46.50000","3.87524","7512.92725"
"46.55000","3.87936","7527.24609"
"46.60000","3.88358","7541.71777"
"46.65000","3.88770","7556.01074"
"46.70000","3.89192","7569.25098"
"46.75000","3.89613","7583.33350"
"46.80000","3.90026","7597.71484"
"46.85000","3.90457","7611.83740"
"46.90000","3.90869","7625.72510"
"46.95000","3.91281","7639.83350"
"47.00000","3.91703","7652.57617"
"47.05000","3.92115","7666.18311"
"47.10000","3.92527","7680.43896"
"47.15000","3.92940","7694.01807"
"47.20000","3.93361","7707.70020"
"47.25000","3.93774","7721.86377"
"47.30000","3.94195","7735.68066"
"47.35000","3.94617","7750.15723"
"47.40000","3.95029","7764.02148"
"47.45000","3.95442","7777.71240"
"47.50000","3.95863","7790.89404"
"47.55000","3.96276","7803.62061"
"47.60000","3.96679","7817.93506"
"47.65000","3.97100","7831.79785"
"47.70000","3.97522","7846.05762"
"47.75000","3.97934","7859.95410"
"47.80000","3.98356","7873.93506"
"47.85000","3.98768","7888.40869"
"47.90000","3.99190","7902.98877"
"47.95000","3.99593","7917.11670"
"48.00000","4.00015","7930.16113"
"48.05000","4.00436","7943.54443"
"48.10000","4.00849","7957.67773"
"48.15000","4.01270","7972.24854"
"48.20000","4.01683","7986.23047"
"48.25000","4.02104","8000.99219"
"48.30000","4.02517","8014.97998"
"48.35000","4.02938","8028.41650"
"48.40000","4.03360","8042.80615"
"48.45000","4.03772","8057.42236"
"48.50000","4.04185","8071.15039"
"48.55000","4.04606","8085.15234"
"48.60000","4.05019","8099.38037"
"48.65000","4.05440","8113.22852"
"48.70000","4.05862","8126.99121"
"48.75000","4.06274","8142.02197"
"48.80000","4.06687","8156.65576"
"48.85000","4.07108","8170.50732"
"48.90000","4.07530","8184.21045"
"48.95000","4.07942","8198.82031"
"49.00000","4.08354","8211.78516"
"49.05000","4.08767","8225.78418"
"49.10000","4.09189","8239.92383"
"49.15000","4.09601","8254.05078"
"49.20000","4.10022","8267.59668"
"49.25000","4.10435","8281.94531"
"49.30000","4.10847","8296.24414"
"49.35000","4.11269","8310.15820"
"49.40000","4.11690","8324.30664"
"49.45000","4.12103","8338.56836"
"49.50000","4.12515","8352.52441"
"49.55000","4.12937","8366.73145"
"49.60000","4.13358","8381.23926"
"49.65000","4.13771","8395.12012"
"49.70000","4.14192","8408.41504"
"49.75000","4.14605","8422.53223"
"49.80000","4.15017","8437.66309"
"49.85000","4.15439","8451.11035"
"49.90000","4.15860","8465.72461"
"49.95000","4.16273","8480.13086"
"50.00000","4.16685","8494.03809"
"50.05000","4.17107","8508.23926"
"50.10000","4.17519","8523.24414"
"50.15000","4.17931","8537.22363"
"50.20000","4.18353","8550.03418"
"50.25000","4.18775","8564.74219"
"50.30000","4.19187","8580.40039"
"50.35000","4.19599","8593.65918"
"50.40000","4.20021","8607.54590"
"50.45000","4.20443","8622.44922"
"50.50000","4.20855","8637.61328"
"50.55000","4.21277","8651.04688"
"50.60000","4.21689","8665.32227"
"50.65000","4.22101","8679.72363"
"50.70000","4.22523","8692.50488"
"50.75000","4.22945","8707.01855"
"50.80000","4.23357","8721.63379"
"50.85000","4.23779","8735.81934"
"50.90000","4.24191","8749.24316"
"50.95000","4.24603","8764.37402"
"51.00000","4.25025","8777.53320"
"51.05000","4.25437","8791.01270"
"51.10000","4.25850","8805.06152"
"51.15000","4.26271","8819.32031"
"51.20000","4.26684","8832.17188"
"51.25000","4.27105","8845.87598"
"51.30000","4.27517","8860.51660"
"51.35000","4.27930","8873.97266"
"51.40000","4.28361","8887.85840"
"51.45000","4.28764","8903.43848"
"51.50000","4.29185","8917.70605"
"51.55000","4.29607","8931.39941"
"51.60000","4.30019","8946.99805"
"51.65000","4.30432","8960.82715"
"51.70000","4.30853","8974.36426"
"51.75000","4.31275","8988.27246"
"51.80000","4.31687","9003.57031"
"51.85000","4.32100","9017.97070"
"51.90000","4.32521","9033.00098"
"51.95000","4.32943","9048.57031"
"52.00000","4.33346","9063.62207"
"52.05000","4.33768","9077.91309"
"52.10000","4.34189","9092.52344"
"52.15000","4.34602","9107.63477"
"52.20000","4.35023","9121.48926"
"52.25000","4.35436","9136.09375"
"52.30000","4.35857","9151.46582"
"52.35000","4.36270","9165.56738"
"52.40000","4.36691","9179.30859"
"52.45000","4.37104","9194.42578"
"52.50000","4.37516","9209.23242"
"52.55000","4.37938","9223.50977"
"52.60000","4.38359","9238.03906"
"52.65000","4.38772","9253.46777"
"52.70000","4.39184","9266.78516"
"52.75000","4.39606","9281.32715"
"52.80000","4.40027","9295.83496"
"52.85000","4.40440","9309.88770"
"52.90000","4.40861","9323.82617"
"52.95000","4.41274","9339.01367"
"53.00000","4.41686","9353.98535"
"53.05000","4.42108","9367.33594"
"53.10000","4.42520","9382.20605"
"53.15000","4.42932","9397.82129"
"53.20000","4.43345","9410.97266"
"53.25000","4.43766","9425.67969"
"53.30000","4.44188","9440.83105"
"53.35000","4.44600","9454.97363"
"53.40000","4.45022","9469.25293"
"53.45000","4.45444","9484.78027"
"53.50000","4.45856","9499.78711"
"53.55000","4.46268","9513.89355"
"53.60000","4.46690","9528.87500"
"53.65000","4.47102","9544.55371"
"53.70000","4.47524","9558.37305"
"53.75000","4.47946","9573.22754"
"53.80000","4.48358","9588.08984"
"53.85000","4.48770","9602.74316"
"53.90000","4.49192","9616.79590"
"53.95000","4.49604","9631.86230"
"54.00000","4.50016","9647.31543"
"54.05000","4.50438","9661.14062"
"54.10000","4.50850","9676.15527"
"54.15000","4.51263","9691.45996"
"54.20000","4.51675","9705.49414"
"54.25000","4.52106","9719.14258"
"54.30000","4.52528","9734.50586"
"54.35000","4.52931","9750.05176"
"54.40000","4.53352","9763.60840"
"54.45000","4.53774","9777.96484"
"54.50000","4.54186","9793.79297"
"54.55000","4.54599","9808.24023"
"54.60000","4.55020","9823.17285"
"54.65000","4.55442","9837.50488"
"54.70000","4.55845","9851.79004"
"54.75000","4.56276","9866.04102"
"54.80000","4.56688","9880.43066"
"54.85000","4.57101","9895.38770"
"54.90000","4.57522","9908.99805"
"54.95000","4.57935","9922.95703"
"55.00000","4.58356","9937.41309"
"55.05000","4.58769","9951.82520"
"55.10000","4.59190","9965.67578"
"55.15000","4.59603","9980.99023"
"55.20000","4.60015","9994.65723"
"55.25000","4.60446","10008.84766"
"55.30000","4.60858","10023.73438"
"55.35000","4.61271","10038.87012"
"55.40000","4.61692","10052.27539"
"55.45000","4.62114","10066.01660"
"55.50000","4.62526","10081.53418"
"55.55000","4.62948","10095.74023"
"55.60000","4.63370","10110.16406"
"55.65000","4.63782","10125.24219"
"55.70000","4.64194","10139.29297"
"55.75000","4.64616","10153.85254"
"55.80000","4.65028","10168.60352"
"55.85000","4.65441","10183.47266"
"55.90000","4.65853","10197.46582"
"55.95000","4.66275","10212.49414"
"56.00000","4.66687","10227.65918"
"56.05000","4.67099","10241.82812"
"56.10000","4.67521","10256.50391"
"56.15000","4.67933","10271.33496"
"56.20000","4.68345","10285.91895"
"56.25000","4.68767","10300.30078"
"56.30000","4.69179","10314.66602"
"56.35000","4.69601","10329.64062"
"56.40000","4.70013","10344.14941"
"56.45000","4.70435","10358.46582"
"56.50000","4.70857","10373.91016"
"56.55000","4.71269","10388.29199"
"56.60000","4.71691","10402.90723"
"56.65000","4.72103","10417.75684"
"56.70000","4.72515","10433.28613"
"56.75000","4.72937","10447.44141"
"56.80000","4.73359","10462.60449"
"56.85000","4.73771","10477.97461"
"56.90000","4.74193","10492.04980"
"56.95000","4.74605","10506.25391"
"57.00000","4.75017","10521.12305"
"57.05000","4.75439","10535.07715"
"57.10000","4.75861","10549.60156"
"57.15000","4.76273","10564.38477"
"57.20000","4.76685","10578.62012"
"57.25000","4.77107","10593.07227"
"57.30000","4.77529","10608.48047"
"57.35000","4.77941","10623.36523"
"57.40000","4.78353","10637.72754"
"57.45000","4.78775","10652.90527"
"57.50000","4.79187","10668.27539"
"57.55000","4.79609","10682.82910"
"57.60000","4.80021","10697.05176"
"57.65000","4.80443","10712.73242"
"57.70000","4.80855","10728.05078"
"57.75000","4.81277","10742.84863"
"57.80000","4.81699","10757.73438"
"57.85000","4.82111","10773.83301"
"57.90000","4.82523","10788.31348"
"57.95000","4.82936","10803.00781"
"58.00000","4.83357","10818.39551"
"58.05000","4.83770","10833.38379"
"58.10000","4.84191","10847.67090"
"58.15000","4.84604","10863.33203"
"58.20000","4.85016","10878.62891"
"58.25000","4.85428","10893.02148"
"58.30000","4.85859","10908.06445"
"58.35000","4.86272","10923.55957"
"58.40000","4.86684","10939.46582"
"58.45000","4.87106","10953.86133"
"58.50000","4.87518","10969.39551"
"58.55000","4.87940","10985.46387"
"58.60000","4.88361","10999.71484"
"58.65000","4.88783","11014.43750"
"58.70000","4.89195","11029.79199"
"58.75000","4.89607","11044.47168"
"58.80000","4.90029","11059.30762"
"58.85000","4.90451","11074.79590"
"58.90000","4.90863","11090.05762"
"58.95000","4.91285","11104.77637"
"59.00000","4.91697","11119.80664"
"59.05000","4.92109","11134.24121"
"59.10000","4.92531","11148.06934"
"59.15000","4.92943","11162.25391"
"59.20000","4.93356","11176.90723"
"59.25000","4.93777","11191.78809"
"59.30000","4.94199","11206.41016"
"59.35000","4.94602","11221.32031"
"59.40000","4.95024","11235.88574"
"59.45000","4.95436","11250.46875"
"59.50000","4.95848","11265.68457"
"59.55000","4.96261","11280.88867"
"59.60000","4.96682","11295.49023"
"59.65000","4.97104","11310.35938"
"59.70000","4.97516","11324.76953"
"59.75000","4.97938","11340.10352"
"59.80000","4.98360","11354.85352"
"59.85000","4.98772","11370.63672"
"59.90000","4.99184","11385.59766"
"59.95000","4.99597","11400.24707"
"60.00000","5.00018","11415.81738"
"60.05000","5.00431","11432.83789"
"60.10000","5.00852","11447.74902"
"60.15000","5.01265","11463.24219"
"60.20000","5.01686","11477.88281"
"60.25000","5.02099","11493.18848"
"60.30000","5.02520","11508.93457"
"60.35000","5.02942","11523.63281"
"60.40000","5.03354","11539.63965"
"60.45000","5.03776","11554.51758"
"60.50000","5.04188","11569.57520"
"60.55000","5.04601","11585.74512"
"60.60000","5.05022","11600.94922"
"60.65000","5.05444","11615.21387"
"60.70000","5.05856","11630.28809"
"60.75000","5.06278","11645.44043"
"60.80000","5.06700","11660.15820"
"60.85000","5.07112","11675.68945"
"60.90000","5.07515","11691.45020"
"60.95000","5.07936","11705.76172"
"61.00000","5.08358","11721.11523"
"61.05000","5.08770","11736.72266"
"61.10000","5.09183","11751.88770"
"61.15000","5.09605","11766.53613"
"61.20000","5.10017","11781.21582"
"61.25000","5.10429","11795.52344"
"61.30000","5.10851","11810.58203"
"61.35000","5.11272","11826.16797"
"61.40000","5.11685","11841.65137"
"61.45000","5.12106","11856.75195"
"61.50000","5.12519","11872.22559"
"61.55000","5.12931","11887.87402"
"61.60000","5.13353","11903.05762"
"61.65000","5.13774","11918.35352"
"61.70000","5.14196","11934.10840"
"61.75000","5.14608","11949.58594"
"61.80000","5.15030","11964.30566"
"61.85000","5.15442","11979.58203"
"61.90000","5.15855","11995.21387"
"61.95000","5.16276","12010.73145"
"62.00000","5.16698","12026.38086"
"62.05000","5.17110","12042.06152"
"62.10000","5.17523","12058.17480"
"62.15000","5.17944","12073.10352"
"62.20000","5.18357","12089.05664"
"62.25000","5.18769","12104.71582"
"62.30000","5.19191","12118.96191"
"62.35000","5.19603","12133.54980"
"62.40000","5.20025","12149.77148"
"62.45000","5.20437","12165.62793"
"62.50000","5.20859","12180.62109"
"62.55000","5.21271","12196.04199"
"62.60000","5.21693","12211.61719"
"62.65000","5.22105","12226.74512"
"62.70000","5.22527","12241.72070"
"62.75000","5.22939","12257.18457"
"62.80000","5.23351","12272.04980"
"62.85000","5.23773","12286.84961"
"62.90000","5.24185","12302.55566"
"62.95000","5.24598","12317.22070"
"63.00000","5.25019","12332.45703"
"63.05000","5.25432","12347.82812"
"63.10000","5.25853","12363.05859"
"63.15000","5.26266","12377.94629"
"63.20000","5.26687","12393.21973"
"63.25000","5.27099","12408.26953"
"63.30000","5.27521","12423.34766"
"63.35000","5.27933","12437.94531"
"63.40000","5.28355","12452.65918"
"63.45000","5.28767","12468.16113"
"63.50000","5.29189","12482.82324"
"63.55000","5.29601","12498.55664"
"63.60000","5.30023","12514.09766"
"63.65000","5.30445","12529.12402"
"63.70000","5.30857","12544.18750"
"63.75000","5.31269","12559.64355"
"63.80000","5.31691","12574.79199"
"63.85000","5.32113","12589.98633"
"63.90000","5.32525","12604.74219"
"63.95000","5.32937","12620.43262"
"64.00000","5.33359","12634.42676"
"64.05000","5.33771","12651.13477"
"64.10000","5.34184","12666.80371"
"64.15000","5.34605","12682.08887"
"64.20000","5.35027","12697.80957"
"64.25000","5.35439","12713.44434"
"64.30000","5.35852","12728.42578"
"64.35000","5.36273","12743.59570"
"64.40000","5.36686","12758.46387"
"64.45000","5.37098","12773.41699"
"64.50000","5.37520","12789.29395"
"64.55000","5.37932","12805.10254"
"64.60000","5.38354","12820.89941"
"64.65000","5.38766","12835.41211"
"64.70000","5.39188","12850.48828"
"64.75000","5.39600","12865.48633"
"64.80000","5.40022","12881.41895"
"64.85000","5.40434","12896.24316"
"64.90000","5.40856","12911.80957"
"64.95000","5.41268","12926.41309"
"65.00000","5.41690","12941.53320"
"65.05000","5.42102","12956.54297"
"65.10000","5.42514","12971.64453"
"65.15000","5.42927","12986.49609"
"65.20000","5.43358","13000.49316"
"65.25000","5.43770","13016.03125"
"65.30000","5.44182","13031.26172"
"65.35000","5.44604","13046.27344"
"65.40000","5.45026","13061.08398"
"65.45000","5.45438","13075.85645"
"65.50000","5.45860","13091.20703"
"65.55000","5.46272","13106.53516"
"65.60000","5.46684","13121.73926"
"65.65000","5.47106","13137.29102"
"65.70000","5.47528","13152.01562"
"65.75000","5.47940","13168.09766"
"65.80000","5.48362","13183.89648"
"65.85000","5.48774","13199.29688"
"65.90000","5.49186","13214.31055"
"65.95000","5.49608","13229.66504"
"66.00000","5.50020","13244.47266"
"66.05000","5.50442","13260.02344"
"66.10000","5.50854","13276.18555"
"66.15000","5.51266","13291.91211"
"66.20000","5.51688","13307.65625"
"66.25000","5.52100","13324.08008"
"66.30000","5.52513","13338.90234"
"66.35000","5.52934","13354.34473"
"66.40000","5.53356","13369.54102"
"66.45000","5.53768","13384.29785"
"66.50000","5.54190","13401.18750"
"66.55000","5.54602","13416.44238"
"66.60000","5.55024","13431.79785"
"66.65000","5.55427","13446.38770"
"66.70000","5.55858","13461.88086"
"66.75000","5.56270","13476.77441"
"66.80000","5.56683","13491.85840"
"66.85000","5.57104","13507.04883"
"66.90000","5.57526","13522.34668"
"66.95000","5.57938","13538.06738"
"67.00000","5.58351","13553.32910"
"67.05000","5.58772","13567.78711"
"67.10000","5.59185","13583.34570"
"67.15000","5.59606","13598.58789"
"67.20000","5.60028","13613.26855"
"67.25000","5.60440","13628.80664"
"67.30000","5.60853","13643.42383"
"67.35000","5.61284","13658.70703"
"67.40000","5.61696","13674.00391"
"67.45000","5.62108","13689.55957"
"67.50000","5.62530","13704.82129"
"67.55000","5.62942","13720.43359"
"67.60000","5.63364","13735.18750"
"67.65000","5.63776","13750.69629"
"67.70000","5.64198","13766.40527"
"67.75000","5.64610","13781.70996"
"67.80000","5.65023","13797.28320"
"67.85000","5.65444","13812.72852"
"67.90000","5.65857","13827.91211"
"67.95000","5.66269","13843.36035"
"68.00000","5.66690","13859.28516"
"68.05000","5.67103","13875.57129"
"68.10000","5.67515","13891.46777"
"68.15000","5.67927","13907.39551"
"68.20000","5.68349","13922.97266"
"68.25000","5.68771","13939.05859"
"68.30000","5.69183","13954.03906"
"68.35000","5.69605","13969.71191"
"68.40000","5.70017","13985.33984"
"68.45000","5.70439","13999.83887"
"68.50000","5.70851","14016.59375"
"68.55000","5.71273","14033.31348"
"68.60000","5.71685","14048.37109"
"68.65000","5.72107","14062.95117"
"68.70000","5.72528","14079.23145"
"68.75000","5.72941","14094.14844"
"68.80000","5.73353","14109.99902"
"68.85000","5.73775","14126.81055"
"68.90000","5.74187","14142.10156"
"68.95000","5.74609","14157.75391"
"69.00000","5.75021","14173.23828"
"69.05000","5.75443","14188.73926"
"69.10000","5.75855","14204.24414"
"69.15000","5.76267","14219.13965"
"69.20000","5.76689","14233.91895"
"69.25000","5.77101","14249.50781"
"69.30000","5.77514","14264.60742"
"69.35000","5.77935","14280.62305"
"69.40000","5.78357","14295.94922"
"69.45000","5.78769","14311.26172"
"69.50000","5.79182","14326.99609"
"69.55000","5.79613","14343.65039"
"69.60000","5.80025","14358.77539"
"69.65000","5.80437","14374.03418"
"69.70000","5.80859","14389.65332"
"69.75000","5.81281","14404.80957"
"69.80000","5.81684","14420.54980"
"69.85000","5.82105","14436.77441"
"69.90000","5.82518","14452.18750"
"69.95000","5.82939","14466.94141"
"70.00000","5.83352","14483.12695"
"70.05000","5.83773","14499.02539"
"70.10000","5.84186","14514.43164"
"70.15000","5.84598","14530.91016"
"70.20000","5.85020","14547.05469"
"70.25000","5.85441","14562.44336"
"70.30000","5.85854","14577.84180"
"70.35000","5.86266","14593.70410"
"70.40000","5.86697","14608.98828"
"70.45000","5.87109","14623.99805"
"70.50000","5.87522","14640.84375"
"70.55000","5.87943","14658.24512"
"70.60000","5.88365","14672.94141"
"70.65000","5.88777","14687.60254"
"70.70000","5.89199","14704.11230"
"70.75000","5.89620","14719.20898"
"70.80000","5.90033","14734.29688"
"70.85000","5.90445","14750.15918"
"70.90000","5.90867","14765.32812"
"70.95000","5.91279","14780.39453"
"71.00000","5.91691","14795.65820"
"71.05000","5.92104","14811.65430"
"71.10000","5.92525","14826.52246"
"71.15000","5.92938","14842.19434"
"71.20000","5.93350","14857.47949"
"71.25000","5.93772","14872.52441"
"71.30000","5.94184","14886.69043"
"71.35000","5.94596","14901.93262"
"71.40000","5.95018","14917.13672"
"71.45000","5.95430","14932.41309"
"71.50000","5.95843","14948.03418"
"71.55000","5.96274","14964.81641"
"71.60000","5.96686","14979.82422"
"71.65000","5.97098","14995.26465"
"71.70000","5.97520","15011.48242"
"71.75000","5.97942","15026.83301"
"71.80000","5.98354","15042.02148"
"71.85000","5.98766","15057.07520"
"71.90000","5.99188","15072.79980"
"71.95000","5.99610","15088.29785"
"72.00000","6.00022","15104.61133"
"72.05000","6.00434","15120.10840"
"72.10000","6.00856","15136.11328"
"72.15000","6.01268","15153.17578"
"72.20000","6.01690","15169.55078"
"72.25000","6.02102","15185.23242"
"72.30000","6.02524","15200.79395"
"72.35000","6.02936","15215.46680"
"72.40000","6.03358","15230.85254"
"72.45000","6.03770","15245.47949"
"72.50000","6.04192","15261.31641"
"72.55000","6.04604","15266.09180"
"72.60000","6.05026","15265.09180"
"72.65000","6.05438","15277.79590"
"72.70000","6.05860","15294.75879"
"72.75000","6.06282","15311.54395"
"72.80000","6.06694","15327.39844"
"72.85000","6.07106","15343.44141"
"72.90000","6.07528","15358.74414"
"72.95000","6.07940","15373.61133"
"73.00000","6.08352","15389.19824"
"73.05000","6.08774","15404.46094"
"73.10000","6.09186","15419.20117"
"73.15000","6.09599","15434.06445"
"73.20000","6.10020","15448.99512"
"73.25000","6.10442","15464.20898"
"73.30000","6.10854","15479.02051"
"73.35000","6.11267","15494.25293"
"73.40000","6.11688","15509.72754"
"73.45000","6.12110","15524.38281"
"73.50000","6.12522","15540.70703"
"73.55000","6.12935","15556.85254"
"73.60000","6.13356","15571.63574"
"73.65000","6.13769","15586.56543"
"73.70000","6.14190","15602.06152"
"73.75000","6.14612","15617.84863"
"73.80000","6.15024","15634.00000"
"73.85000","6.15437","15650.01172"
"73.90000","6.15858","15665.12695"
"73.95000","6.16280","15680.85254"
"74.00000","6.16692","15695.86230"
"74.05000","6.17105","15712.55371"
"74.10000","6.17526","15728.54395"
"74.15000","6.17939","15743.84082"
"74.20000","6.18351","15760.08398"
"74.25000","6.18773","15776.44531"
"74.30000","6.19194","15792.32227"
"74.35000","6.19607","15808.01562"
"74.40000","6.20019","15823.72754"
"74.45000","6.20441","15839.43945"
"74.50000","6.20862","15855.54492"
"74.55000","6.21275","15872.67969"
"74.60000","6.21696","15888.00684"
"74.65000","6.22109","15902.75879"
"74.70000","6.22521","15918.05566"
"74.75000","6.22943","15934.99609"
"74.80000","6.23364","15951.26562"
"74.85000","6.23777","15966.57520"
"74.90000","6.24189","15982.13770"
"74.95000","6.24611","15997.71191"
"75.00000","6.25023","16012.67578"
"75.05000","6.25435","16028.18555"
"75.10000","6.25857","16043.73926"
"75.15000","6.26269","16058.57129"
"75.20000","6.26681","16075.13477"
"75.25000","6.27103","16090.69824"
"75.30000","6.27525","16105.56738"
"75.35000","6.27937","16120.95215"
"75.40000","6.28349","16136.40527"
"75.45000","6.28771","16152.52344"
"75.50000","6.29193","16167.05957"
"75.55000","6.29605","16183.17773"
"75.60000","6.30027","16198.60840"
"75.65000","6.30439","16214.16992"
"75.70000","6.30851","16230.63574"
"75.75000","6.31273","16246.53906"
"75.80000","6.31695","16261.51758"
"75.85000","6.32107","16277.28223"
"75.90000","6.32519","16292.92676"
"75.95000","6.32941","16308.74902"
"76.00000","6.33353","16323.74219"
"76.05000","6.33766","16339.66895"
"76.10000","6.34187","16355.31738"
"76.15000","6.34600","16371.18262"
"76.20000","6.35012","16388.17383"
"76.25000","6.35434","16403.66992"
"76.30000","6.35855","16419.62891"
"76.35000","6.36268","16435.24023"
"76.40000","6.36680","16449.83008"
"76.45000","6.37102","16467.25781"
"76.50000","6.37523","16483.86328"
"76.55000","6.37936","16499.29688"
"76.60000","6.38348","16513.58008"
"76.65000","6.38779","16529.40625"
"76.70000","6.39191","16544.49023"
"76.75000","6.39604","16560.67383"
"76.80000","6.40025","16576.84766"
"76.85000","6.40438","16592.60156"
"76.90000","6.40850","16607.80664"
"76.95000","6.41272","16623.90625"
"77.00000","6.41684","16639.11719"
"77.05000","6.42106","16654.49805"
"77.10000","6.42518","16669.59180"
"77.15000","6.42940","16684.70703"
"77.20000","6.43352","16700.56836"
"77.25000","6.43764","16715.88867"
"77.30000","6.44195","16730.57617"
"77.35000","6.44608","16739.02539"
"77.40000","6.45020","16748.79102"
"77.45000","6.45442","16764.93750"
"77.50000","6.45863","16780.66797"
"77.55000","6.46275","16795.47656"
"77.60000","6.46697","16810.70312"
"77.65000","6.47109","16825.49414"
"77.70000","6.47531","16840.45312"
"77.75000","6.47943","16856.08984"
"77.80000","6.48356","16871.11328"
"77.85000","6.48768","16885.33984"
"77.90000","6.49190","16900.70898"
"77.95000","6.49602","16916.57227"
"78.00000","6.50024","16931.73047"
"78.05000","6.50436","16947.59961"
"78.10000","6.50848","16962.91016"
"78.15000","6.51270","16978.29297"
"78.20000","6.51682","16993.39648"
"78.25000","6.52095","17008.23242"
"78.30000","6.52516","17023.45703"
"78.35000","6.52938","17038.93164"
"78.40000","6.53350","17054.10547"
"78.45000","6.53772","17071.37109"
"78.50000","6.54184","17087.66797"
"78.55000","6.54606","17102.22656"
"78.60000","6.55009","17116.27344"
"78.65000","6.55440","17132.35742"
"78.70000","6.55852","17147.84961"
"78.75000","6.56274","17163.29297"
"78.80000","6.56696","17179.82422"
"78.85000","6.57108","17195.63086"
"78.90000","6.57530","17210.50977"
"78.95000","6.57942","17226.19727"
"79.00000","6.58364","17241.46094"
"79.05000","6.58776","17256.79297"
"79.10000","6.59188","17271.74023"
"79.15000","6.59619","17287.10742"
"79.20000","6.60032","17302.52148"
"79.25000","6.60444","17316.82031"
"79.30000","6.60866","17331.21484"
"79.35000","6.61278","17346.27734"
"79.40000","6.61690","17361.06836"
"79.45000","6.62112","17376.93359"
"79.50000","6.62524","17392.57031"
"79.55000","6.62946","17406.93164"
"79.60000","6.63358","17421.75000"
"79.65000","6.63780","17437.20703"
"79.70000","6.64192","17452.36523"
"79.75000","6.64605","17467.51172"
"79.80000","6.65026","17482.87891"
"79.85000","6.65439","17497.99805"
"79.90000","6.65851","17513.07617"
"79.95000","6.66272","17528.13086"
"80.00000","6.66685","17543.53711"
"80.05000","6.67097","17559.29492"
"80.10000","6.67509","17575.21484"
"80.15000","6.67940","17590.81445"
"80.20000","6.68353","17606.59375"
"80.25000","6.68765","17622.69531"
"80.30000","6.69187","17638.44141"
"80.35000","6.69599","17654.03711"
"80.40000","6.70021","17669.13086"
"80.45000","6.70433","17685.84180"
"80.50000","6.70855","17701.67969"
"80.55000","6.71276","17717.82031"
"80.60000","6.71689","17732.43164"
"80.65000","6.72110","17748.58008"
"80.70000","6.72532","17763.90234"
"80.75000","6.72944","17779.03711"
"80.80000","6.73357","17795.11133"
"80.85000","6.73769","17810.36523"
"80.90000","6.74191","17825.37109"
"80.95000","6.74603","17840.95508"
"81.00000","6.75025","17856.42969"
"81.05000","6.75437","17871.48633"
"81.10000","6.75849","17887.15625"
"81.15000","6.76271","17902.32422"
"81.20000","6.76693","17918.14648"
"81.25000","6.77105","17933.41016"
"81.30000","6.77517","17948.66992"
"81.35000","6.77948","17964.04492"
"81.40000","6.78361","17978.45508"
"81.45000","6.78773","17994.12500"
"81.50000","6.79195","18009.54883"
"81.55000","6.79607","18024.50000"
"81.60000","6.80019","18039.63281"
"81.65000","6.80441","18054.91016"
"81.70000","6.80863","18070.06641"
"81.75000","6.81275","18084.65430"
"81.80000","6.81687","18099.26562"
"81.85000","6.82109","18113.55664"
"81.90000","6.82521","18128.17578"
"81.95000","6.82934","18143.54883"
"82.00000","6.83355","18158.31641"
"82.05000","6.83768","18173.41211"
"82.10000","6.84180","18189.27344"
"82.15000","6.84602","18204.55664"
"82.20000","6.85023","18219.87695"
"82.25000","6.85436","18235.11719"
"82.30000","6.85848","18249.99219"
"82.35000","6.86279","18265.62500"
"82.40000","6.86691","18280.33398"
"82.45000","6.87103","18296.43359"
"82.50000","6.87525","18311.83398"
"82.55000","6.87947","18326.49414"
"82.60000","6.88359","18339.62109"
"82.65000","6.88781","18355.87891"
"82.70000","6.89202","18372.00000"
"82.75000","6.89615","18386.40234"
"82.80000","6.90027","18402.11328"
"82.85000","6.90449","18416.33594"
"82.90000","6.90861","18430.42578"
"82.95000","6.91273","18444.62500"
"83.00000","6.91686","18459.36133"
"83.05000","6.92107","18473.83594"
"83.10000","6.92520","18487.93359"
"83.15000","6.92932","18502.80859"
"83.20000","6.93354","18517.31445"
"83.25000","6.93766","18531.86328"
"83.30000","6.94178","18546.08008"
"83.35000","6.94609","18556.82812"
"83.40000","6.95022","18570.91992"
"83.45000","6.95434","18585.08203"
"83.50000","6.95856","18598.63281"
"83.55000","6.96277","18611.49414"
"83.60000","6.96680","18625.06641"
"83.65000","6.97102","18638.98828"
"83.70000","6.97524","18651.67969"
"83.75000","6.97936","18663.30859"
"83.80000","6.98358","18675.56250"
"83.85000","6.98779","18688.55859"
"83.90000","6.99192","18701.66602"
"83.95000","6.99604","18715.18945"
"84.00000","7.00026","18728.53711"
"84.05000","7.00438","18741.71484"
"84.10000","7.00850","18755.67969"
"84.15000","7.01272","18768.75977"
"84.20000","7.01694","18782.61328"
"84.25000","7.02097","18795.73633"
"84.30000","7.02518","18810.03906"
"84.35000","7.02940","18824.83203"
"84.40000","7.03352","18838.62891"
"84.45000","7.03774","18853.68750"
"84.50000","7.04186","18867.72070"
"84.55000","7.04608","18880.82031"
"84.60000","7.05020","18894.33789"
"84.65000","7.05442","18908.67969"
"84.70000","7.05864","18922.94922"
"84.75000","7.06276","18936.13281"
"84.80000","7.06688","18951.36523"
"84.85000","7.07100","18963.52539"
"84.90000","7.07522","18975.78906"
"84.95000","7.07934","18988.02148"
"85.00000","7.08347","19000.36133"
"85.05000","7.08768","19010.03906"
"85.10000","7.09190","19021.76367"
"85.15000","7.09602","19033.79297"
"85.20000","7.10024","19043.23438"
"85.25000","7.10436","19053.17773"
"85.30000","7.10849","19063.24414"
"85.35000","7.11270","19073.61523"
"85.40000","7.11692","19084.57812"
"85.45000","7.12104","19098.33984"
"85.50000","7.12517","19110.61523"
"85.55000","7.12948","19121.27930"
"85.60000","7.13360","19133.82227"
"85.65000","7.13772","19146.17188"
"85.70000","7.14194","19158.90430"
"85.75000","7.14606","19171.68555"
"85.80000","7.15028","19184.60547"
"85.85000","7.15440","19197.13867"
"85.90000","7.15862","19209.90039"
"85.95000","7.16274","19221.99219"
"86.00000","7.16687","19235.62695"
"86.05000","7.17108","19247.62695"
"86.10000","7.17521","19260.06445"
"86.15000","7.17933","19273.00000"
"86.20000","7.18355","19284.13281"
"86.25000","7.18776","19296.83008"
"86.30000","7.19179","19307.59961"
"86.35000","7.19601","19316.67773"
"86.40000","7.20023","19326.26758"
"86.45000","7.20435","19338.56836"
"86.50000","7.20857","19350.78516"
"86.55000","7.21269","19360.99414"
"86.60000","7.21691","19371.81445"
"86.65000","7.22103","19379.59570"
"86.70000","7.22525","19388.42578"
"86.75000","7.22937","19396.29102"
"86.80000","7.23349","19397.95508"
"86.85000","7.23836","13436.75879"
"86.90000","7.24258","12028.94238"
"86.95000","7.24661","12253.88672"
"87.00000","7.25064","12251.60938"
"87.05000","7.25476","12256.49219"
"87.10000","7.25898","11666.59473"
"87.15000","7.26301","11654.32227"
"87.20000","7.26713","11678.50391"
"87.25000","7.27126","11689.28516"
"87.30000","7.27538","11700.94043"
"87.35000","7.27950","11713.05566"
"87.40000","7.28372","11726.38477"
"87.45000","7.28784","11740.03516"
"87.50000","7.29196","11753.96289"
"87.55000","7.29618","11764.64062"
"87.60000","7.30040","11776.24219"
"87.65000","7.30452","11789.09082"
"87.70000","7.30864","11727.33008"
"87.75000","7.31286","11724.02246"
"87.80000","7.31698","11741.58203"
"87.85000","7.32111","11754.93848"
"87.90000","7.32532","11766.65430"
"87.95000","7.32945","11778.95898"
"88.00000","7.33357","11793.21191"
"88.05000","7.33779","11805.62891"
"88.10000","7.34191","11817.89453"
"88.15000","7.34603","11830.64355"
"88.20000","7.35025","11843.97656"
"88.25000","7.35447","11820.10059"
"88.30000","7.35859","11827.47754"
"88.35000","7.36271","11841.29785"
"88.40000","7.36693","11853.61426"
"88.45000","7.37105","11866.04395"
"88.50000","7.37527","11879.69824"
"88.55000","7.37939","11892.76660"
"88.60000","7.38361","11905.04199"
"88.65000","7.38773","11917.71582"
"88.70000","7.39195","11926.81738"
"88.75000","7.39617","11872.26660"
"88.80000","7.40029","11831.44824"
"88.85000","7.40441","11825.18555"
"88.90000","7.40863","11831.42480"
"88.95000","7.41275","11829.59180"
"89.00000","7.41688","11828.98926"
"89.05000","7.42109","11836.67285"
"89.10000","7.42522","11846.21875"
"89.15000","7.42943","11853.86621"
"89.20000","7.43356","11863.30664"
"89.25000","7.43777","11873.47070"
"89.30000","7.44199","11869.18066"
"89.35000","7.44611","11874.38574"
"89.40000","7.45033","11883.83203"
"89.45000","7.45445","11894.86719"
"89.50000","7.45858","11905.81836"
"89.55000","7.46279","11916.21191"
"89.60000","7.46701","11842.07910"
"89.65000","7.47123","11341.57812"
"89.70000","7.47535","11327.47949"
"89.75000","7.47947","11301.10742"
"89.80000","7.48369","11280.03613"
"89.85000","7.48781","11002.05176"
"89.90000","7.49193","10997.90723"
"89.95000","7.49615","11006.51660"
"90.00000","7.50027","11013.76270"
"90.05000","7.50440","11018.30469"
"90.10000","7.50861","11014.67578"
"90.15000","7.51274","11002.16895"
"90.20000","7.51695","10654.54297"
"90.25000","7.52117","10256.42578"
"90.30000","7.52539","10221.35645"
"90.35000","7.52951","10238.43945"
"90.40000","7.53363","10243.79004"
"90.45000","7.53785","10233.20215"
"90.50000","7.54197","10148.87793"
"90.55000","7.54610","10106.23047"
"90.60000","7.55041","10054.84961"
"90.65000","7.55453","9975.83984"
"90.70000","7.55875","9903.72949"
"90.75000","7.56315","9273.63184"
"90.80000","7.56718","8100.03516"
"90.85000","7.57130","8092.89502"
"90.90000","7.57543","7836.93408"
"90.95000","7.57964","7244.42285"
"91.00000","7.58386","7075.70410"
"91.05000","7.58789","6631.43311"
"91.10000","7.59211","6556.19287"
"91.15000","7.59632","6424.24023"
"91.20000","7.60063","4180.11230"
"91.21000","7.60157","3886.51562"
